video_id,true_label,frame_id,frame_name,class_name,original_label,confidence,shape_type,bbox_x,bbox_y,bbox_w,bbox_h,centroid_x,centroid_y,area,image_width,image_height,ann_path,image_path,points_json
41.MG,1,13,00000013.jpg,endotracheal_tube,endotracheal_tube,0.850670576095581,mask,158.50497436523438,81.87034606933594,960.2713928222656,638.1296539306641,640.8932303234665,504.376976234705,396208.0,1280,720,,/Users/nicolasgarciacallejas/Documents/GitHub/BENG_Senior-Design/data/videos/raw_videos/41.MG/00000013.jpg,[]
41.MG,1,13,00000013.jpg,epiglottis,epiglottis,0.6760789752006531,mask,298.79193115234375,0.9840822219848633,459.03277587890625,127.19324016571045,492.07196659151464,51.245875179340025,39032.0,1280,720,,/Users/nicolasgarciacallejas/Documents/GitHub/BENG_Senior-Design/data/videos/raw_videos/41.MG/00000013.jpg,[]
41.MG,1,32,00000032.jpg,epiglottis,epiglottis,0.9569190740585327,mask,318.00042724609375,31.30636215209961,227.94659423828125,160.82741165161133,420.0640153698367,107.50409221902018,26025.0,1280,720,,/Users/nicolasgarciacallejas/Documents/GitHub/BENG_Senior-Design/data/videos/raw_videos/41.MG/00000032.jpg,[]
41.MG,1,32,00000032.jpg,endotracheal_tube,endotracheal_tube,0.9351749420166016,mask,297.05126953125,421.5436096191406,818.219970703125,288.5254821777344,793.7909729857075,599.8139364431181,152808.0,1280,720,,/Users/nicolasgarciacallejas/Documents/GitHub/BENG_Senior-Design/data/videos/raw_videos/41.MG/00000032.jpg,[]
41.MG,1,33,00000033.jpg,endotracheal_tube,endotracheal_tube,0.9604678153991699,mask,204.59503173828125,325.9212646484375,893.9341430664062,372.7464599609375,677.7642355804076,540.5103741451892,266287.0,1280,720,,/Users/nicolasgarciacallejas/Documents/GitHub/BENG_Senior-Design/data/videos/raw_videos/41.MG/00000033.jpg,[]
41.MG,1,33,00000033.jpg,epiglottis,epiglottis,0.905979573726654,mask,313.86407470703125,45.7765998840332,225.23272705078125,158.86814498901367,416.45547282204024,121.82006701414743,26860.0,1280,720,,/Users/nicolasgarciacallejas/Documents/GitHub/BENG_Senior-Design/data/videos/raw_videos/41.MG/00000033.jpg,[]
41.MG,1,34,00000034.jpg,endotracheal_tube,endotracheal_tube,0.9821745157241821,mask,172.8461456298828,209.9505615234375,927.4274139404297,491.317626953125,645.4420491240703,505.67795942707335,355508.0,1280,720,,/Users/nicolasgarciacallejas/Documents/GitHub/BENG_Senior-Design/data/videos/raw_videos/41.MG/00000034.jpg,[]
41.MG,1,34,00000034.jpg,epiglottis,epiglottis,0.932072639465332,mask,328.74993896484375,41.6083984375,211.854248046875,171.90028381347656,423.7573215256739,123.13384603433543,25746.0,1280,720,,/Users/nicolasgarciacallejas/Documents/GitHub/BENG_Senior-Design/data/videos/raw_videos/41.MG/00000034.jpg,[]
41.MG,1,35,00000035.jpg,endotracheal_tube,endotracheal_tube,0.9847758412361145,mask,172.912109375,191.37405395507812,933.177734375,510.7068786621094,637.0297513878579,492.79116005060064,382604.0,1280,720,,/Users/nicolasgarciacallejas/Documents/GitHub/BENG_Senior-Design/data/videos/raw_videos/41.MG/00000035.jpg,[]
41.MG,1,35,00000035.jpg,epiglottis,epiglottis,0.9407080411911011,mask,339.8446960449219,36.504573822021484,205.65103149414062,168.09022903442383,431.350073313783,116.05588139459107,24552.0,1280,720,,/Users/nicolasgarciacallejas/Documents/GitHub/BENG_Senior-Design/data/videos/raw_videos/41.MG/00000035.jpg,[]
41.MG,1,36,00000036.jpg,endotracheal_tube,endotracheal_tube,0.9827685952186584,mask,164.3677520751953,154.87237548828125,941.6865692138672,546.8287963867188,618.826948640776,475.59291803977305,412993.0,1280,720,,/Users/nicolasgarciacallejas/Documents/GitHub/BENG_Senior-Design/data/videos/raw_videos/41.MG/00000036.jpg,[]
41.MG,1,36,00000036.jpg,epiglottis,epiglottis,0.9285009503364563,mask,342.8405456542969,29.902915954589844,208.65670776367188,162.2178726196289,436.5135528176126,109.99531407796405,24755.0,1280,720,,/Users/nicolasgarciacallejas/Documents/GitHub/BENG_Senior-Design/data/videos/raw_videos/41.MG/00000036.jpg,[]
41.MG,1,37,00000037.jpg,endotracheal_tube,endotracheal_tube,0.97254478931427,mask,330.1568603515625,302.7350769042969,765.3267822265625,406.2276916503906,793.2562975228633,547.4981871127987,210162.0,1280,720,,/Users/nicolasgarciacallejas/Documents/GitHub/BENG_Senior-Design/data/videos/raw_videos/41.MG/00000037.jpg,[]
41.MG,1,37,00000037.jpg,epiglottis,epiglottis,0.9389212727546692,mask,350.90277099609375,25.103816986083984,207.3525390625,152.64674758911133,443.6633629233819,97.66883564595364,23206.0,1280,720,,/Users/nicolasgarciacallejas/Documents/GitHub/BENG_Senior-Design/data/videos/raw_videos/41.MG/00000037.jpg,[]
41.MG,1,38,00000038.jpg,epiglottis,epiglottis,0.9535735249519348,mask,348.56103515625,12.185029983520508,228.6566162109375,143.67025566101074,446.2470133368087,82.79816673183022,23019.0,1280,720,,/Users/nicolasgarciacallejas/Documents/GitHub/BENG_Senior-Design/data/videos/raw_videos/41.MG/00000038.jpg,[]
41.MG,1,38,00000038.jpg,endotracheal_tube,endotracheal_tube,0.8054397106170654,mask,439.8733215332031,518.0516357421875,674.5837097167969,190.7171630859375,855.5364806376831,629.8534379389496,87567.0,1280,720,,/Users/nicolasgarciacallejas/Documents/GitHub/BENG_Senior-Design/data/videos/raw_videos/41.MG/00000038.jpg,[]
41.MG,1,39,00000039.jpg,epiglottis,epiglottis,0.9499436020851135,mask,356.13214111328125,7.645788192749023,219.76800537109375,133.75625038146973,450.54482314520953,73.23927142265765,21741.0,1280,720,,/Users/nicolasgarciacallejas/Documents/GitHub/BENG_Senior-Design/data/videos/raw_videos/41.MG/00000039.jpg,[]
41.MG,1,39,00000039.jpg,epiglottis,epiglottis,0.5701783895492554,mask,666.420166015625,0.0,375.4168701171875,143.1602783203125,834.2963235078026,66.19704940194552,34027.0,1280,720,,/Users/nicolasgarciacallejas/Documents/GitHub/BENG_Senior-Design/data/videos/raw_videos/41.MG/00000039.jpg,[]
41.MG,1,40,00000040.jpg,epiglottis,epiglottis,0.9572349786758423,mask,355.623046875,4.174485206604004,223.2840576171875,134.356032371521,449.5879964939798,69.82193107902386,21677.0,1280,720,,/Users/nicolasgarciacallejas/Documents/GitHub/BENG_Senior-Design/data/videos/raw_videos/41.MG/00000040.jpg,[]
41.MG,1,40,00000040.jpg,epiglottis,epiglottis,0.7610697150230408,mask,615.4849853515625,0.0,435.498779296875,145.323486328125,821.1186603596994,62.016973161662406,39533.0,1280,720,,/Users/nicolasgarciacallejas/Documents/GitHub/BENG_Senior-Design/data/videos/raw_videos/41.MG/00000040.jpg,[]
41.MG,1,41,00000041.jpg,epiglottis,epiglottis,0.9662766456604004,mask,360.0682373046875,3.3950138092041016,218.422607421875,131.76618003845215,454.04298199531974,65.64525526529442,20939.0,1280,720,,/Users/nicolasgarciacallejas/Documents/GitHub/BENG_Senior-Design/data/videos/raw_videos/41.MG/00000041.jpg,[]
41.MG,1,41,00000041.jpg,epiglottis,epiglottis,0.6398696303367615,mask,631.602294921875,0.0,415.457275390625,137.38267517089844,813.6161176289769,57.883088272964805,39038.0,1280,720,,/Users/nicolasgarciacallejas/Documents/GitHub/BENG_Senior-Design/data/videos/raw_videos/41.MG/00000041.jpg,[]
41.MG,1,42,00000042.jpg,epiglottis,epiglottis,0.9819037318229675,mask,365.7609558105469,4.181680679321289,201.72738647460938,119.89381980895996,455.0588663925467,59.83724561494821,19213.0,1280,720,,/Users/nicolasgarciacallejas/Documents/GitHub/BENG_Senior-Design/data/videos/raw_videos/41.MG/00000042.jpg,[]
41.MG,1,42,00000042.jpg,epiglottis,epiglottis,0.5420361161231995,mask,650.545654296875,0.0,388.820068359375,140.72671508789062,829.3179621007681,57.62329112422526,33721.0,1280,720,,/Users/nicolasgarciacallejas/Documents/GitHub/BENG_Senior-Design/data/videos/raw_videos/41.MG/00000042.jpg,[]
41.MG,1,43,00000043.jpg,epiglottis,epiglottis,0.9836074709892273,mask,358.1817321777344,0.0,215.64358520507812,116.64871215820312,453.10904422552926,53.227939635296586,19084.0,1280,720,,/Users/nicolasgarciacallejas/Documents/GitHub/BENG_Senior-Design/data/videos/raw_videos/41.MG/00000043.jpg,[]
41.MG,1,43,00000043.jpg,epiglottis,epiglottis,0.7586514353752136,mask,690.8648681640625,0.0,350.625,124.26034545898438,847.0980079385688,55.92369328931261,26957.0,1280,720,,/Users/nicolasgarciacallejas/Documents/GitHub/BENG_Senior-Design/data/videos/raw_videos/41.MG/00000043.jpg,[]
41.MG,1,44,00000044.jpg,epiglottis,epiglottis,0.9868848323822021,mask,358.88018798828125,0.0,201.9674072265625,94.12506103515625,450.7231141868512,39.573979238754326,14450.0,1280,720,,/Users/nicolasgarciacallejas/Documents/GitHub/BENG_Senior-Design/data/videos/raw_videos/41.MG/00000044.jpg,[]
41.MG,1,44,00000044.jpg,epiglottis,epiglottis,0.8499374389648438,mask,631.2572631835938,0.0,422.09991455078125,110.60784149169922,827.2825551069986,46.32321103211746,27991.0,1280,720,,/Users/nicolasgarciacallejas/Documents/GitHub/BENG_Senior-Design/data/videos/raw_videos/41.MG/00000044.jpg,[]
41.MG,1,45,00000045.jpg,epiglottis,epiglottis,0.914081871509552,mask,381.639404296875,0.0,164.93646240234375,49.701881408691406,456.79925890124053,21.31351699693894,6207.0,1280,720,,/Users/nicolasgarciacallejas/Documents/GitHub/BENG_Senior-Design/data/videos/raw_videos/41.MG/00000045.jpg,[]
41.MG,1,73,00000073.jpg,esophagus,esophagus,0.5977650284767151,mask,313.4985046386719,4.772953987121582,267.8636169433594,92.6394453048706,457.5088246338716,38.669733383402175,10652.0,1280,720,,/Users/nicolasgarciacallejas/Documents/GitHub/BENG_Senior-Design/data/videos/raw_videos/41.MG/00000073.jpg,[]
41.MG,1,73,00000073.jpg,esophagus,esophagus,0.5970433354377747,mask,149.33645629882812,5.349006652832031,544.7687072753906,239.97821807861328,419.72498519184785,86.25123401268017,45583.0,1280,720,,/Users/nicolasgarciacallejas/Documents/GitHub/BENG_Senior-Design/data/videos/raw_videos/41.MG/00000073.jpg,[]
41.MG,1,74,00000074.jpg,esophagus,esophagus,0.8404752612113953,mask,326.8675231933594,18.08719253540039,224.64016723632812,92.40916061401367,443.09301862364305,57.429837665571156,10041.0,1280,720,,/Users/nicolasgarciacallejas/Documents/GitHub/BENG_Senior-Design/data/videos/raw_videos/41.MG/00000074.jpg,[]
41.MG,1,74,00000074.jpg,esophagus,esophagus,0.670527458190918,mask,141.76974487304688,20.772647857666016,566.5049133300781,243.64846420288086,413.08466383477366,108.55759693653351,47789.0,1280,720,,/Users/nicolasgarciacallejas/Documents/GitHub/BENG_Senior-Design/data/videos/raw_videos/41.MG/00000074.jpg,[]
41.MG,1,75,00000075.jpg,esophagus,esophagus,0.9035636186599731,mask,300.4702453613281,43.666690826416016,277.9991149902344,96.47613143920898,439.69860356865786,86.71753297129558,12890.0,1280,720,,/Users/nicolasgarciacallejas/Documents/GitHub/BENG_Senior-Design/data/videos/raw_videos/41.MG/00000075.jpg,[]
41.MG,1,75,00000075.jpg,esophagus,esophagus,0.6745587587356567,mask,137.9813232421875,34.85877990722656,579.0902099609375,270.8239288330078,425.5922786997897,129.9024217562418,48023.0,1280,720,,/Users/nicolasgarciacallejas/Documents/GitHub/BENG_Senior-Design/data/videos/raw_videos/41.MG/00000075.jpg,[]
41.MG,1,76,00000076.jpg,esophagus,esophagus,0.9463386535644531,mask,294.7273254394531,98.0427474975586,271.3993835449219,97.21939849853516,426.66712908878503,144.91544976635515,13696.0,1280,720,,/Users/nicolasgarciacallejas/Documents/GitHub/BENG_Senior-Design/data/videos/raw_videos/41.MG/00000076.jpg,[]
41.MG,1,76,00000076.jpg,arytenoids,arytenoids,0.89821857213974,mask,359.8092346191406,11.278576850891113,245.61807250976562,85.7039213180542,484.00862127486255,52.21390265426651,14731.0,1280,720,,/Users/nicolasgarciacallejas/Documents/GitHub/BENG_Senior-Design/data/videos/raw_videos/41.MG/00000076.jpg,[]
41.MG,1,77,00000077.jpg,arytenoids,arytenoids,0.9451348781585693,mask,357.27105712890625,18.97631072998047,238.9149169921875,91.57222747802734,477.5024572439552,64.68822488696678,15261.0,1280,720,,/Users/nicolasgarciacallejas/Documents/GitHub/BENG_Senior-Design/data/videos/raw_videos/41.MG/00000077.jpg,[]
41.MG,1,77,00000077.jpg,esophagus,esophagus,0.942712128162384,mask,300.0785827636719,115.69110870361328,276.0389709472656,84.55219268798828,432.7777947932619,160.84364471669218,13060.0,1280,720,,/Users/nicolasgarciacallejas/Documents/GitHub/BENG_Senior-Design/data/videos/raw_videos/41.MG/00000077.jpg,[]
41.MG,1,78,00000078.jpg,arytenoids,arytenoids,0.9724285006523132,mask,351.9053649902344,31.301044464111328,227.50741577148438,97.86725997924805,470.30766697404823,78.95046765906996,15182.0,1280,720,,/Users/nicolasgarciacallejas/Documents/GitHub/BENG_Senior-Design/data/videos/raw_videos/41.MG/00000078.jpg,[]
41.MG,1,78,00000078.jpg,esophagus,esophagus,0.9425573945045471,mask,302.3387451171875,134.0426483154297,285.03564453125,83.63380432128906,438.20003065603925,176.77544451256898,13048.0,1280,720,,/Users/nicolasgarciacallejas/Documents/GitHub/BENG_Senior-Design/data/videos/raw_videos/41.MG/00000078.jpg,[]
41.MG,1,79,00000079.jpg,arytenoids,arytenoids,0.980297863483429,mask,362.081298828125,47.08819580078125,232.7784423828125,102.29293823242188,482.29624581132504,94.35218947009712,17607.0,1280,720,,/Users/nicolasgarciacallejas/Documents/GitHub/BENG_Senior-Design/data/videos/raw_videos/41.MG/00000079.jpg,[]
41.MG,1,79,00000079.jpg,esophagus,esophagus,0.9577836394309998,mask,313.828369140625,148.70176696777344,280.55462646484375,90.53166198730469,445.457061582225,192.26416544937342,13007.0,1280,720,,/Users/nicolasgarciacallejas/Documents/GitHub/BENG_Senior-Design/data/videos/raw_videos/41.MG/00000079.jpg,[]
41.MG,1,80,00000080.jpg,arytenoids,arytenoids,0.9715495109558105,mask,362.39617919921875,76.39165496826172,244.24530029296875,101.17806243896484,487.0829735091609,124.16238767650835,17138.0,1280,720,,/Users/nicolasgarciacallejas/Documents/GitHub/BENG_Senior-Design/data/videos/raw_videos/41.MG/00000080.jpg,[]
41.MG,1,80,00000080.jpg,vocal_cords,vocal_cords,0.9649774432182312,mask,449.4952392578125,1.0800409317016602,103.65142822265625,44.80642223358154,502.1435199505104,19.20723785957315,3233.0,1280,720,,/Users/nicolasgarciacallejas/Documents/GitHub/BENG_Senior-Design/data/videos/raw_videos/41.MG/00000080.jpg,[]
41.MG,1,81,00000081.jpg,arytenoids,arytenoids,0.9793957471847534,mask,361.25408935546875,89.81184387207031,231.7135009765625,98.53274536132812,482.4165342822647,134.9039842409608,15737.0,1280,720,,/Users/nicolasgarciacallejas/Documents/GitHub/BENG_Senior-Design/data/videos/raw_videos/41.MG/00000081.jpg,[]
41.MG,1,81,00000081.jpg,vocal_cords,vocal_cords,0.9717006087303162,mask,451.8682556152344,0.32437801361083984,104.63296508789062,58.77883243560791,505.0100146555936,23.58133854421104,4094.0,1280,720,,/Users/nicolasgarciacallejas/Documents/GitHub/BENG_Senior-Design/data/videos/raw_videos/41.MG/00000081.jpg,[]
41.MG,1,82,00000082.jpg,vocal_cords,vocal_cords,0.9756430387496948,mask,448.76861572265625,0.5912947654724121,114.52093505859375,76.02828073501587,505.2449524445186,31.20740864341732,5993.0,1280,720,,/Users/nicolasgarciacallejas/Documents/GitHub/BENG_Senior-Design/data/videos/raw_videos/41.MG/00000082.jpg,[]
41.MG,1,82,00000082.jpg,arytenoids,arytenoids,0.9748719930648804,mask,383.9808654785156,106.85752868652344,207.03482055664062,88.7677001953125,488.58701843801526,149.64480587618047,13342.0,1280,720,,/Users/nicolasgarciacallejas/Documents/GitHub/BENG_Senior-Design/data/videos/raw_videos/41.MG/00000082.jpg,[]
41.MG,1,83,00000083.jpg,arytenoids,arytenoids,0.9749387502670288,mask,382.7449951171875,120.17462921142578,216.0045166015625,91.1808853149414,493.557518932564,163.76891453299675,13865.0,1280,720,,/Users/nicolasgarciacallejas/Documents/GitHub/BENG_Senior-Design/data/videos/raw_videos/41.MG/00000083.jpg,[]
41.MG,1,83,00000083.jpg,vocal_cords,vocal_cords,0.9665200114250183,mask,449.26885986328125,2.7846860885620117,115.63409423828125,85.7318925857544,507.63340967649583,38.24391640423705,6986.0,1280,720,,/Users/nicolasgarciacallejas/Documents/GitHub/BENG_Senior-Design/data/videos/raw_videos/41.MG/00000083.jpg,[]
41.MG,1,84,00000084.jpg,vocal_cords,vocal_cords,0.9752688407897949,mask,460.84197998046875,1.845402717590332,109.1348876953125,113.7337293624878,513.6370597243491,50.54298840516299,9142.0,1280,720,,/Users/nicolasgarciacallejas/Documents/GitHub/BENG_Senior-Design/data/videos/raw_videos/41.MG/00000084.jpg,[]
41.MG,1,84,00000084.jpg,arytenoids,arytenoids,0.9669644236564636,mask,381.08782958984375,137.78146362304688,221.1749267578125,95.72502136230469,495.44433641225083,185.77824848947844,14399.0,1280,720,,/Users/nicolasgarciacallejas/Documents/GitHub/BENG_Senior-Design/data/videos/raw_videos/41.MG/00000084.jpg,[]
41.MG,1,85,00000085.jpg,vocal_cords,vocal_cords,0.9709144830703735,mask,460.3525085449219,0.0,110.64193725585938,130.7732391357422,516.5319926873857,57.63071297989031,10393.0,1280,720,,/Users/nicolasgarciacallejas/Documents/GitHub/BENG_Senior-Design/data/videos/raw_videos/41.MG/00000085.jpg,[]
41.MG,1,85,00000085.jpg,esophagus,esophagus,0.9632713198661804,mask,333.30731201171875,245.2080535888672,284.588623046875,79.39680480957031,465.86579151912946,284.7910009499957,11579.0,1280,720,,/Users/nicolasgarciacallejas/Documents/GitHub/BENG_Senior-Design/data/videos/raw_videos/41.MG/00000085.jpg,[]
41.MG,1,86,00000086.jpg,vocal_cords,vocal_cords,0.9723782539367676,mask,463.6268615722656,0.0,109.29537963867188,140.43519592285156,518.4945285427685,61.32482217763998,10966.0,1280,720,,/Users/nicolasgarciacallejas/Documents/GitHub/BENG_Senior-Design/data/videos/raw_videos/41.MG/00000086.jpg,[]
41.MG,1,86,00000086.jpg,arytenoids,arytenoids,0.9645271897315979,mask,381.45831298828125,151.98851013183594,207.20538330078125,99.3441162109375,487.41143304620203,200.98214565387627,12770.0,1280,720,,/Users/nicolasgarciacallejas/Documents/GitHub/BENG_Senior-Design/data/videos/raw_videos/41.MG/00000086.jpg,[]
41.MG,1,87,00000087.jpg,vocal_cords,vocal_cords,0.9697774648666382,mask,467.15777587890625,5.206289291381836,114.927978515625,144.09877967834473,524.3450600032878,67.40621403912543,12166.0,1280,720,,/Users/nicolasgarciacallejas/Documents/GitHub/BENG_Senior-Design/data/videos/raw_videos/41.MG/00000087.jpg,[]
41.MG,1,87,00000087.jpg,arytenoids,arytenoids,0.9615330100059509,mask,387.30218505859375,159.96759033203125,205.65618896484375,102.57839965820312,490.40628515712893,209.9099227480687,13333.0,1280,720,,/Users/nicolasgarciacallejas/Documents/GitHub/BENG_Senior-Design/data/videos/raw_videos/41.MG/00000087.jpg,[]
41.MG,1,88,00000088.jpg,vocal_cords,vocal_cords,0.9714000821113586,mask,467.69537353515625,0.0,116.29815673828125,158.23004150390625,524.5173706764616,69.1746250382614,13068.0,1280,720,,/Users/nicolasgarciacallejas/Documents/GitHub/BENG_Senior-Design/data/videos/raw_videos/41.MG/00000088.jpg,[]
41.MG,1,88,00000088.jpg,arytenoids,arytenoids,0.9592634439468384,mask,388.42352294921875,165.745361328125,203.16253662109375,106.12884521484375,493.61717905144445,216.53275142901282,12946.0,1280,720,,/Users/nicolasgarciacallejas/Documents/GitHub/BENG_Senior-Design/data/videos/raw_videos/41.MG/00000088.jpg,[]
41.MG,1,89,00000089.jpg,vocal_cords,vocal_cords,0.9762877225875854,mask,467.6864318847656,0.0,114.77737426757812,161.26817321777344,523.7579026782346,71.40286684270087,13255.0,1280,720,,/Users/nicolasgarciacallejas/Documents/GitHub/BENG_Senior-Design/data/videos/raw_videos/41.MG/00000089.jpg,[]
41.MG,1,89,00000089.jpg,arytenoids,arytenoids,0.9660466313362122,mask,388.13287353515625,168.4742889404297,197.71551513671875,103.39631652832031,491.31980479869867,218.1561610410736,12295.0,1280,720,,/Users/nicolasgarciacallejas/Documents/GitHub/BENG_Senior-Design/data/videos/raw_videos/41.MG/00000089.jpg,[]
41.MG,1,90,00000090.jpg,vocal_cords,vocal_cords,0.978007972240448,mask,468.05059814453125,0.03865242004394531,114.03790283203125,161.17030143737793,524.5570393843368,71.28112267994568,13254.0,1280,720,,/Users/nicolasgarciacallejas/Documents/GitHub/BENG_Senior-Design/data/videos/raw_videos/41.MG/00000090.jpg,[]
41.MG,1,90,00000090.jpg,arytenoids,arytenoids,0.9648933410644531,mask,398.32489013671875,162.07455444335938,193.73138427734375,111.80130004882812,495.562659642401,218.77298850574712,12528.0,1280,720,,/Users/nicolasgarciacallejas/Documents/GitHub/BENG_Senior-Design/data/videos/raw_videos/41.MG/00000090.jpg,[]
41.MG,1,91,00000091.jpg,vocal_cords,vocal_cords,0.983198344707489,mask,469.54083251953125,0.0,111.51580810546875,167.77151489257812,525.0755673055739,75.52280237937872,13617.0,1280,720,,/Users/nicolasgarciacallejas/Documents/GitHub/BENG_Senior-Design/data/videos/raw_videos/41.MG/00000091.jpg,[]
41.MG,1,91,00000091.jpg,arytenoids,arytenoids,0.9735627174377441,mask,397.1252136230469,175.41824340820312,192.09970092773438,104.67361450195312,494.04992486224745,225.88295207881114,11978.0,1280,720,,/Users/nicolasgarciacallejas/Documents/GitHub/BENG_Senior-Design/data/videos/raw_videos/41.MG/00000091.jpg,[]
41.MG,1,92,00000092.jpg,vocal_cords,vocal_cords,0.9835009574890137,mask,470.2987060546875,4.131040573120117,112.09686279296875,165.79739570617676,525.6227879315346,79.34486510008703,13788.0,1280,720,,/Users/nicolasgarciacallejas/Documents/GitHub/BENG_Senior-Design/data/videos/raw_videos/41.MG/00000092.jpg,[]
41.MG,1,92,00000092.jpg,arytenoids,arytenoids,0.9802725911140442,mask,398.717041015625,194.98843383789062,175.971923828125,85.09320068359375,490.40389636473185,235.53364129343242,9958.0,1280,720,,/Users/nicolasgarciacallejas/Documents/GitHub/BENG_Senior-Design/data/videos/raw_videos/41.MG/00000092.jpg,[]
41.MG,1,93,00000093.jpg,vocal_cords,vocal_cords,0.9825312495231628,mask,469.2794189453125,1.6811847686767578,111.71002197265625,177.58215141296387,525.0115876492616,82.82166325160743,14153.0,1280,720,,/Users/nicolasgarciacallejas/Documents/GitHub/BENG_Senior-Design/data/videos/raw_videos/41.MG/00000093.jpg,[]
41.MG,1,93,00000093.jpg,arytenoids,arytenoids,0.9754829406738281,mask,384.35736083984375,192.19229125976562,205.36541748046875,93.48751831054688,491.09257910496075,239.42081411345796,12357.0,1280,720,,/Users/nicolasgarciacallejas/Documents/GitHub/BENG_Senior-Design/data/videos/raw_videos/41.MG/00000093.jpg,[]
41.MG,1,94,00000094.jpg,vocal_cords,vocal_cords,0.9817813634872437,mask,467.8775329589844,3.072223663330078,113.07937622070312,181.04084396362305,524.7497055767233,85.74444059577417,14435.0,1280,720,,/Users/nicolasgarciacallejas/Documents/GitHub/BENG_Senior-Design/data/videos/raw_videos/41.MG/00000094.jpg,[]
41.MG,1,94,00000094.jpg,arytenoids,arytenoids,0.9692534804344177,mask,393.21173095703125,198.96766662597656,203.07611083984375,101.53367614746094,496.6550294073292,249.95694465389835,13262.0,1280,720,,/Users/nicolasgarciacallejas/Documents/GitHub/BENG_Senior-Design/data/videos/raw_videos/41.MG/00000094.jpg,[]
41.MG,1,95,00000095.jpg,vocal_cords,vocal_cords,0.9768953323364258,mask,470.1058349609375,7.683124542236328,109.1575927734375,184.82932662963867,525.3932909994478,92.61188569850911,14488.0,1280,720,,/Users/nicolasgarciacallejas/Documents/GitHub/BENG_Senior-Design/data/videos/raw_videos/41.MG/00000095.jpg,[]
41.MG,1,95,00000095.jpg,arytenoids,arytenoids,0.9556167125701904,mask,381.86395263671875,206.38565063476562,218.66046142578125,105.33657836914062,500.363287632308,258.9207217446899,14077.0,1280,720,,/Users/nicolasgarciacallejas/Documents/GitHub/BENG_Senior-Design/data/videos/raw_videos/41.MG/00000095.jpg,[]
41.MG,1,96,00000096.jpg,vocal_cords,vocal_cords,0.976722776889801,mask,473.0373840332031,4.618701934814453,102.85360717773438,190.81760787963867,526.1029898177574,94.64686425838252,15419.0,1280,720,,/Users/nicolasgarciacallejas/Documents/GitHub/BENG_Senior-Design/data/videos/raw_videos/41.MG/00000096.jpg,[]
41.MG,1,96,00000096.jpg,arytenoids,arytenoids,0.9489869475364685,mask,394.71533203125,209.85989379882812,208.725341796875,99.73049926757812,498.12419620158516,261.53357260355915,13374.0,1280,720,,/Users/nicolasgarciacallejas/Documents/GitHub/BENG_Senior-Design/data/videos/raw_videos/41.MG/00000096.jpg,[]
41.MG,1,97,00000097.jpg,vocal_cords,vocal_cords,0.9773266911506653,mask,469.3070068359375,5.907430648803711,110.44854736328125,188.97988319396973,525.3130423174476,93.12001067948205,14982.0,1280,720,,/Users/nicolasgarciacallejas/Documents/GitHub/BENG_Senior-Design/data/videos/raw_videos/41.MG/00000097.jpg,[]
41.MG,1,97,00000097.jpg,arytenoids,arytenoids,0.9584975838661194,mask,392.13433837890625,203.16009521484375,219.55487060546875,100.97671508789062,503.6397318532401,255.68867584516687,13873.0,1280,720,,/Users/nicolasgarciacallejas/Documents/GitHub/BENG_Senior-Design/data/videos/raw_videos/41.MG/00000097.jpg,[]
41.MG,1,98,00000098.jpg,vocal_cords,vocal_cords,0.982313871383667,mask,468.6690673828125,2.021045684814453,112.0721435546875,183.46818161010742,523.7270962992706,85.67590176002142,14943.0,1280,720,,/Users/nicolasgarciacallejas/Documents/GitHub/BENG_Senior-Design/data/videos/raw_videos/41.MG/00000098.jpg,[]
41.MG,1,98,00000098.jpg,arytenoids,arytenoids,0.973778247833252,mask,389.89801025390625,196.86363220214844,212.43182373046875,97.40989685058594,497.81787734444777,244.48719857100326,13436.0,1280,720,,/Users/nicolasgarciacallejas/Documents/GitHub/BENG_Senior-Design/data/videos/raw_videos/41.MG/00000098.jpg,[]
41.MG,1,99,00000099.jpg,vocal_cords,vocal_cords,0.9807567000389099,mask,465.553955078125,7.715597152709961,117.71337890625,166.1049289703369,522.4653404006333,83.90080539684725,14527.0,1280,720,,/Users/nicolasgarciacallejas/Documents/GitHub/BENG_Senior-Design/data/videos/raw_videos/41.MG/00000099.jpg,[]
41.MG,1,99,00000099.jpg,arytenoids,arytenoids,0.968758761882782,mask,382.62353515625,191.38612365722656,202.8399658203125,95.32765197753906,488.3031159186309,238.8655957378108,12388.0,1280,720,,/Users/nicolasgarciacallejas/Documents/GitHub/BENG_Senior-Design/data/videos/raw_videos/41.MG/00000099.jpg,[]
41.MG,1,100,00000100.jpg,vocal_cords,vocal_cords,0.9816329479217529,mask,465.32073974609375,0.9074687957763672,115.1885986328125,182.03091621398926,522.2043632540413,83.02871599421738,15218.0,1280,720,,/Users/nicolasgarciacallejas/Documents/GitHub/BENG_Senior-Design/data/videos/raw_videos/41.MG/00000100.jpg,[]
41.MG,1,100,00000100.jpg,arytenoids,arytenoids,0.9679931998252869,mask,384.185791015625,192.73934936523438,208.635009765625,96.90597534179688,488.7020697990633,240.38548119051217,13238.0,1280,720,,/Users/nicolasgarciacallejas/Documents/GitHub/BENG_Senior-Design/data/videos/raw_videos/41.MG/00000100.jpg,[]
41.MG,1,101,00000101.jpg,vocal_cords,vocal_cords,0.9846127033233643,mask,467.3334045410156,3.0567550659179688,113.14315795898438,182.07648468017578,523.080036738175,86.77255133503904,15243.0,1280,720,,/Users/nicolasgarciacallejas/Documents/GitHub/BENG_Senior-Design/data/videos/raw_videos/41.MG/00000101.jpg,[]
41.MG,1,101,00000101.jpg,arytenoids,arytenoids,0.9653894901275635,mask,388.7528076171875,200.76828002929688,213.388671875,99.86721801757812,498.00797853562096,249.9671679728871,14163.0,1280,720,,/Users/nicolasgarciacallejas/Documents/GitHub/BENG_Senior-Design/data/videos/raw_videos/41.MG/00000101.jpg,[]
41.MG,1,102,00000102.jpg,vocal_cords,vocal_cords,0.9861443042755127,mask,467.2847900390625,1.8685531616210938,114.4962158203125,190.97223663330078,523.7806924184562,91.4061854379265,15973.0,1280,720,,/Users/nicolasgarciacallejas/Documents/GitHub/BENG_Senior-Design/data/videos/raw_videos/41.MG/00000102.jpg,[]
41.MG,1,102,00000102.jpg,arytenoids,arytenoids,0.9686636924743652,mask,382.32843017578125,205.7366943359375,218.7314453125,103.487060546875,495.6653723005654,256.77123782274,14679.0,1280,720,,/Users/nicolasgarciacallejas/Documents/GitHub/BENG_Senior-Design/data/videos/raw_videos/41.MG/00000102.jpg,[]
41.MG,1,103,00000103.jpg,vocal_cords,vocal_cords,0.9840185046195984,mask,468.0971984863281,5.247068405151367,112.64675903320312,190.72979927062988,524.1900842145254,93.56233774457039,15793.0,1280,720,,/Users/nicolasgarciacallejas/Documents/GitHub/BENG_Senior-Design/data/videos/raw_videos/41.MG/00000103.jpg,[]
41.MG,1,103,00000103.jpg,arytenoids,arytenoids,0.9624998569488525,mask,384.0742492675781,208.90618896484375,223.00045776367188,103.66180419921875,500.1569053274516,260.54088903970137,14735.0,1280,720,,/Users/nicolasgarciacallejas/Documents/GitHub/BENG_Senior-Design/data/videos/raw_videos/41.MG/00000103.jpg,[]
41.MG,1,104,00000104.jpg,vocal_cords,vocal_cords,0.9854333996772766,mask,467.80145263671875,4.088411331176758,112.45953369140625,190.53442192077637,523.8849283956848,92.59441044729039,15851.0,1280,720,,/Users/nicolasgarciacallejas/Documents/GitHub/BENG_Senior-Design/data/videos/raw_videos/41.MG/00000104.jpg,[]
41.MG,1,104,00000104.jpg,arytenoids,arytenoids,0.9640041589736938,mask,389.3092041015625,208.6988525390625,216.26214599609375,104.50491333007812,501.7374712954208,260.01438605970554,14806.0,1280,720,,/Users/nicolasgarciacallejas/Documents/GitHub/BENG_Senior-Design/data/videos/raw_videos/41.MG/00000104.jpg,[]
41.MG,1,105,00000105.jpg,vocal_cords,vocal_cords,0.9891534447669983,mask,462.0574951171875,1.2985420227050781,122.64495849609375,191.8154411315918,525.6894874228761,91.15383246321784,16856.0,1280,720,,/Users/nicolasgarciacallejas/Documents/GitHub/BENG_Senior-Design/data/videos/raw_videos/41.MG/00000105.jpg,[]
41.MG,1,105,00000105.jpg,arytenoids,arytenoids,0.9536113142967224,mask,386.58172607421875,207.87338256835938,216.44061279296875,103.78213500976562,498.47434656340755,260.7307426358733,14462.0,1280,720,,/Users/nicolasgarciacallejas/Documents/GitHub/BENG_Senior-Design/data/videos/raw_videos/41.MG/00000105.jpg,[]
41.MG,1,106,00000106.jpg,vocal_cords,vocal_cords,0.9865613579750061,mask,467.275390625,4.734554290771484,114.5645751953125,192.06148147583008,524.9696690045528,94.12458471760797,16254.0,1280,720,,/Users/nicolasgarciacallejas/Documents/GitHub/BENG_Senior-Design/data/videos/raw_videos/41.MG/00000106.jpg,[]
41.MG,1,106,00000106.jpg,arytenoids,arytenoids,0.9589145183563232,mask,390.43328857421875,210.52186584472656,219.8577880859375,101.67436218261719,503.6868047692,261.3197229068141,15013.0,1280,720,,/Users/nicolasgarciacallejas/Documents/GitHub/BENG_Senior-Design/data/videos/raw_videos/41.MG/00000106.jpg,[]
41.MG,1,107,00000107.jpg,vocal_cords,vocal_cords,0.988649845123291,mask,468.7978820800781,2.097187042236328,111.55746459960938,194.3453483581543,526.0657061908494,93.34962927240943,16589.0,1280,720,,/Users/nicolasgarciacallejas/Documents/GitHub/BENG_Senior-Design/data/videos/raw_videos/41.MG/00000107.jpg,[]
41.MG,1,107,00000107.jpg,arytenoids,arytenoids,0.9651726484298706,mask,384.71337890625,208.51593017578125,219.42535400390625,104.5068359375,497.6937020375761,260.7300211696216,15116.0,1280,720,,/Users/nicolasgarciacallejas/Documents/GitHub/BENG_Senior-Design/data/videos/raw_videos/41.MG/00000107.jpg,[]
41.MG,1,108,00000108.jpg,vocal_cords,vocal_cords,0.9898905754089355,mask,468.95751953125,3.016386032104492,112.17864990234375,195.44824409484863,527.0909902404189,94.54457272078076,16804.0,1280,720,,/Users/nicolasgarciacallejas/Documents/GitHub/BENG_Senior-Design/data/videos/raw_videos/41.MG/00000108.jpg,[]
41.MG,1,108,00000108.jpg,arytenoids,arytenoids,0.963891863822937,mask,390.72906494140625,210.9874267578125,218.9053955078125,105.34310913085938,504.49929723579413,264.5897195636169,14941.0,1280,720,,/Users/nicolasgarciacallejas/Documents/GitHub/BENG_Senior-Design/data/videos/raw_videos/41.MG/00000108.jpg,[]
41.MG,1,109,00000109.jpg,vocal_cords,vocal_cords,0.9893961548805237,mask,467.77984619140625,2.876768112182617,113.53277587890625,195.541841506958,526.884365398251,94.44753013471993,16924.0,1280,720,,/Users/nicolasgarciacallejas/Documents/GitHub/BENG_Senior-Design/data/videos/raw_videos/41.MG/00000109.jpg,[]
41.MG,1,109,00000109.jpg,arytenoids,arytenoids,0.9615453481674194,mask,392.0980224609375,212.58985900878906,209.9842529296875,103.45195007324219,498.01567179772934,264.50170648464166,14357.0,1280,720,,/Users/nicolasgarciacallejas/Documents/GitHub/BENG_Senior-Design/data/videos/raw_videos/41.MG/00000109.jpg,[]
41.MG,1,110,00000110.jpg,vocal_cords,vocal_cords,0.9907868504524231,mask,467.3970947265625,3.1927013397216797,114.12872314453125,195.16942024230957,526.693444191889,95.10090919966503,16718.0,1280,720,,/Users/nicolasgarciacallejas/Documents/GitHub/BENG_Senior-Design/data/videos/raw_videos/41.MG/00000110.jpg,[]
41.MG,1,110,00000110.jpg,arytenoids,arytenoids,0.9631425738334656,mask,391.19903564453125,214.50152587890625,216.68890380859375,103.40960693359375,502.82724458204336,265.2933608531132,14535.0,1280,720,,/Users/nicolasgarciacallejas/Documents/GitHub/BENG_Senior-Design/data/videos/raw_videos/41.MG/00000110.jpg,[]
41.MG,1,111,00000111.jpg,vocal_cords,vocal_cords,0.9909770488739014,mask,461.3962097167969,1.7664718627929688,124.50778198242188,200.73908233642578,525.8945677737624,95.85928985257844,17433.0,1280,720,,/Users/nicolasgarciacallejas/Documents/GitHub/BENG_Senior-Design/data/videos/raw_videos/41.MG/00000111.jpg,[]
41.MG,1,111,00000111.jpg,arytenoids,arytenoids,0.9683807492256165,mask,385.52764892578125,210.4929962158203,218.36468505859375,110.98237609863281,497.41797229056067,265.3634597954163,15446.0,1280,720,,/Users/nicolasgarciacallejas/Documents/GitHub/BENG_Senior-Design/data/videos/raw_videos/41.MG/00000111.jpg,[]
41.MG,1,112,00000112.jpg,vocal_cords,vocal_cords,0.9918501973152161,mask,467.5173645019531,2.2762489318847656,114.00839233398438,201.64908981323242,526.4963882092509,98.64272398928114,17166.0,1280,720,,/Users/nicolasgarciacallejas/Documents/GitHub/BENG_Senior-Design/data/videos/raw_videos/41.MG/00000112.jpg,[]
41.MG,1,112,00000112.jpg,arytenoids,arytenoids,0.9656579494476318,mask,390.2415466308594,211.39111328125,208.95248413085938,113.92510986328125,497.62114217884465,268.2093115273015,15164.0,1280,720,,/Users/nicolasgarciacallejas/Documents/GitHub/BENG_Senior-Design/data/videos/raw_videos/41.MG/00000112.jpg,[]
41.MG,1,113,00000113.jpg,vocal_cords,vocal_cords,0.989342451095581,mask,459.18377685546875,0.0,128.14874267578125,208.87550354003906,526.0882711263706,97.15577583342562,18058.0,1280,720,,/Users/nicolasgarciacallejas/Documents/GitHub/BENG_Senior-Design/data/videos/raw_videos/41.MG/00000113.jpg,[]
41.MG,1,113,00000113.jpg,arytenoids,arytenoids,0.963131308555603,mask,389.9061279296875,214.099365234375,206.603515625,112.11782836914062,495.9726946585171,269.49096465585967,15052.0,1280,720,,/Users/nicolasgarciacallejas/Documents/GitHub/BENG_Senior-Design/data/videos/raw_videos/41.MG/00000113.jpg,[]
41.MG,1,114,00000114.jpg,vocal_cords,vocal_cords,0.9884254932403564,mask,459.0025329589844,0.0,128.25003051757812,212.8569793701172,526.1530673343857,97.43323716727451,18371.0,1280,720,,/Users/nicolasgarciacallejas/Documents/GitHub/BENG_Senior-Design/data/videos/raw_videos/41.MG/00000114.jpg,[]
41.MG,1,114,00000114.jpg,arytenoids,arytenoids,0.9550426006317139,mask,382.49298095703125,213.13302612304688,219.4527587890625,113.03579711914062,493.30078947368423,270.3903947368421,15200.0,1280,720,,/Users/nicolasgarciacallejas/Documents/GitHub/BENG_Senior-Design/data/videos/raw_videos/41.MG/00000114.jpg,[]
41.MG,1,115,00000115.jpg,vocal_cords,vocal_cords,0.9884229302406311,mask,465.98455810546875,3.3388328552246094,115.9420166015625,203.79697036743164,526.5102933752173,100.49946710046558,17827.0,1280,720,,/Users/nicolasgarciacallejas/Documents/GitHub/BENG_Senior-Design/data/videos/raw_videos/41.MG/00000115.jpg,[]
41.MG,1,115,00000115.jpg,arytenoids,arytenoids,0.9481126666069031,mask,390.197509765625,216.32281494140625,201.8267822265625,119.82083129882812,491.8819374369324,275.4737975109317,14865.0,1280,720,,/Users/nicolasgarciacallejas/Documents/GitHub/BENG_Senior-Design/data/videos/raw_videos/41.MG/00000115.jpg,[]
41.MG,1,116,00000116.jpg,vocal_cords,vocal_cords,0.9865119457244873,mask,458.03948974609375,0.0,129.65887451171875,220.49533081054688,527.1049773278498,101.41073499947274,18966.0,1280,720,,/Users/nicolasgarciacallejas/Documents/GitHub/BENG_Senior-Design/data/videos/raw_videos/41.MG/00000116.jpg,[]
41.MG,1,116,00000116.jpg,esophagus,esophagus,0.9468413591384888,mask,301.1828308105469,336.0824890136719,326.8710632324219,70.81002807617188,444.49803628202733,367.4876566298859,10694.0,1280,720,,/Users/nicolasgarciacallejas/Documents/GitHub/BENG_Senior-Design/data/videos/raw_videos/41.MG/00000116.jpg,[]
41.MG,1,117,00000117.jpg,vocal_cords,vocal_cords,0.9861606359481812,mask,458.142578125,0.0,130.1365966796875,220.10499572753906,527.2324744722501,100.08348764615629,18901.0,1280,720,,/Users/nicolasgarciacallejas/Documents/GitHub/BENG_Senior-Design/data/videos/raw_videos/41.MG/00000117.jpg,[]
41.MG,1,117,00000117.jpg,arytenoids,arytenoids,0.9590613842010498,mask,391.94677734375,215.36766052246094,202.361572265625,118.64912414550781,494.1460772439779,275.4239671645808,14862.0,1280,720,,/Users/nicolasgarciacallejas/Documents/GitHub/BENG_Senior-Design/data/videos/raw_videos/41.MG/00000117.jpg,[]
41.MG,1,118,00000118.jpg,vocal_cords,vocal_cords,0.9862555265426636,mask,470.3717041015625,2.5697803497314453,117.4788818359375,214.3853588104248,528.6369784565039,100.12784292337061,18335.0,1280,720,,/Users/nicolasgarciacallejas/Documents/GitHub/BENG_Senior-Design/data/videos/raw_videos/41.MG/00000118.jpg,[]
41.MG,1,118,00000118.jpg,esophagus,esophagus,0.9484603404998779,mask,302.016357421875,334.75482177734375,325.03497314453125,71.6424560546875,444.15125324114086,365.8026505329876,10413.0,1280,720,,/Users/nicolasgarciacallejas/Documents/GitHub/BENG_Senior-Design/data/videos/raw_videos/41.MG/00000118.jpg,[]
41.MG,1,119,00000119.jpg,vocal_cords,vocal_cords,0.9860370755195618,mask,466.62298583984375,4.006938934326172,115.85455322265625,206.14038467407227,527.4372691662003,99.90425293788472,17870.0,1280,720,,/Users/nicolasgarciacallejas/Documents/GitHub/BENG_Senior-Design/data/videos/raw_videos/41.MG/00000119.jpg,[]
41.MG,1,119,00000119.jpg,arytenoids,arytenoids,0.9490748643875122,mask,391.98486328125,210.682861328125,201.4207763671875,123.882568359375,494.69000729394605,273.328824348518,15081.0,1280,720,,/Users/nicolasgarciacallejas/Documents/GitHub/BENG_Senior-Design/data/videos/raw_videos/41.MG/00000119.jpg,[]
41.MG,1,120,00000120.jpg,vocal_cords,vocal_cords,0.9847612380981445,mask,459.25164794921875,0.0,127.56121826171875,218.60533142089844,527.368777056277,99.5443722943723,18480.0,1280,720,,/Users/nicolasgarciacallejas/Documents/GitHub/BENG_Senior-Design/data/videos/raw_videos/41.MG/00000120.jpg,[]
41.MG,1,120,00000120.jpg,arytenoids,arytenoids,0.9402754306793213,mask,378.9693908691406,215.29176330566406,221.21835327148438,111.78593444824219,492.5995367391584,271.32621284262,15542.0,1280,720,,/Users/nicolasgarciacallejas/Documents/GitHub/BENG_Senior-Design/data/videos/raw_videos/41.MG/00000120.jpg,[]
41.MG,1,121,00000121.jpg,vocal_cords,vocal_cords,0.9867532253265381,mask,457.8226013183594,0.0,131.60470581054688,215.06427001953125,527.4255043694034,97.31707843348796,18538.0,1280,720,,/Users/nicolasgarciacallejas/Documents/GitHub/BENG_Senior-Design/data/videos/raw_videos/41.MG/00000121.jpg,[]
41.MG,1,121,00000121.jpg,arytenoids,arytenoids,0.9620212912559509,mask,390.2642822265625,213.54150390625,206.1412353515625,113.54818725585938,495.35432750914265,269.98848706487877,14766.0,1280,720,,/Users/nicolasgarciacallejas/Documents/GitHub/BENG_Senior-Design/data/videos/raw_videos/41.MG/00000121.jpg,[]
41.MG,1,122,00000122.jpg,vocal_cords,vocal_cords,0.9843765497207642,mask,460.6006164550781,0.7826423645019531,125.93460083007812,209.82314682006836,527.5634933729308,97.77275477093988,18183.0,1280,720,,/Users/nicolasgarciacallejas/Documents/GitHub/BENG_Senior-Design/data/videos/raw_videos/41.MG/00000122.jpg,[]
41.MG,1,122,00000122.jpg,arytenoids,arytenoids,0.951516330242157,mask,381.84576416015625,207.7661895751953,219.830810546875,118.96403503417969,492.58341088156834,266.9849246231156,16119.0,1280,720,,/Users/nicolasgarciacallejas/Documents/GitHub/BENG_Senior-Design/data/videos/raw_videos/41.MG/00000122.jpg,[]
41.MG,1,123,00000123.jpg,vocal_cords,vocal_cords,0.9842719435691833,mask,460.3900146484375,0.46998023986816406,126.513916015625,212.95126914978027,527.0154461006697,97.6651004536617,18516.0,1280,720,,/Users/nicolasgarciacallejas/Documents/GitHub/BENG_Senior-Design/data/videos/raw_videos/41.MG/00000123.jpg,[]
41.MG,1,123,00000123.jpg,arytenoids,arytenoids,0.9634080529212952,mask,389.206298828125,210.26995849609375,205.552734375,115.07916259765625,493.57536612323844,267.80180989223544,14476.0,1280,720,,/Users/nicolasgarciacallejas/Documents/GitHub/BENG_Senior-Design/data/videos/raw_videos/41.MG/00000123.jpg,[]
41.MG,1,124,00000124.jpg,vocal_cords,vocal_cords,0.9863622188568115,mask,460.34918212890625,1.2682914733886719,126.70050048828125,206.15405654907227,526.6461727293015,95.84986610131666,17924.0,1280,720,,/Users/nicolasgarciacallejas/Documents/GitHub/BENG_Senior-Design/data/videos/raw_videos/41.MG/00000124.jpg,[]
41.MG,1,124,00000124.jpg,arytenoids,arytenoids,0.9622575044631958,mask,381.8835754394531,206.09820556640625,210.28860473632812,114.44625854492188,491.70408437458013,264.33078059922076,14886.0,1280,720,,/Users/nicolasgarciacallejas/Documents/GitHub/BENG_Senior-Design/data/videos/raw_videos/41.MG/00000124.jpg,[]
41.MG,1,125,00000125.jpg,vocal_cords,vocal_cords,0.9882480502128601,mask,460.14239501953125,1.7286205291748047,125.6756591796875,202.8319263458252,526.0334739963504,95.84226733576642,17536.0,1280,720,,/Users/nicolasgarciacallejas/Documents/GitHub/BENG_Senior-Design/data/videos/raw_videos/41.MG/00000125.jpg,[]
41.MG,1,125,00000125.jpg,arytenoids,arytenoids,0.9605048894882202,mask,378.4892272949219,204.30381774902344,213.64608764648438,112.30799865722656,489.1374056004812,261.2803582169351,14963.0,1280,720,,/Users/nicolasgarciacallejas/Documents/GitHub/BENG_Senior-Design/data/videos/raw_videos/41.MG/00000125.jpg,[]
41.MG,1,126,00000126.jpg,vocal_cords,vocal_cords,0.9866880774497986,mask,470.0115966796875,1.7857074737548828,116.89599609375,203.95895195007324,527.0293092612695,96.13112037936354,17503.0,1280,720,,/Users/nicolasgarciacallejas/Documents/GitHub/BENG_Senior-Design/data/videos/raw_videos/41.MG/00000126.jpg,[]
41.MG,1,126,00000126.jpg,arytenoids,arytenoids,0.9552921652793884,mask,378.92327880859375,202.1991729736328,215.88629150390625,116.34162902832031,490.5241379310345,262.46325123152707,15225.0,1280,720,,/Users/nicolasgarciacallejas/Documents/GitHub/BENG_Senior-Design/data/videos/raw_videos/41.MG/00000126.jpg,[]
41.MG,1,127,00000127.jpg,vocal_cords,vocal_cords,0.9876943826675415,mask,459.7337341308594,1.1958503723144531,126.79550170898438,201.37919235229492,527.1305712492153,95.7860526165611,17523.0,1280,720,,/Users/nicolasgarciacallejas/Documents/GitHub/BENG_Senior-Design/data/videos/raw_videos/41.MG/00000127.jpg,[]
41.MG,1,127,00000127.jpg,arytenoids,arytenoids,0.9636130332946777,mask,380.68212890625,204.33067321777344,217.1544189453125,111.55131530761719,491.97702271691725,261.14652086181087,15363.0,1280,720,,/Users/nicolasgarciacallejas/Documents/GitHub/BENG_Senior-Design/data/videos/raw_videos/41.MG/00000127.jpg,[]
41.MG,1,128,00000128.jpg,vocal_cords,vocal_cords,0.9873160123825073,mask,467.25341796875,3.488597869873047,113.175537109375,192.57745742797852,526.2298718568666,93.43858800773694,16544.0,1280,720,,/Users/nicolasgarciacallejas/Documents/GitHub/BENG_Senior-Design/data/videos/raw_videos/41.MG/00000128.jpg,[]
41.MG,1,128,00000128.jpg,arytenoids,arytenoids,0.9595509171485901,mask,379.32611083984375,199.50039672851562,223.8101806640625,115.46951293945312,492.10855554151397,258.26134209528624,15826.0,1280,720,,/Users/nicolasgarciacallejas/Documents/GitHub/BENG_Senior-Design/data/videos/raw_videos/41.MG/00000128.jpg,[]
41.MG,1,129,00000129.jpg,vocal_cords,vocal_cords,0.9825630187988281,mask,467.8218078613281,5.532722473144531,110.05838012695312,188.43087005615234,524.821701098083,94.00266765928407,16119.0,1280,720,,/Users/nicolasgarciacallejas/Documents/GitHub/BENG_Senior-Design/data/videos/raw_videos/41.MG/00000129.jpg,[]
41.MG,1,129,00000129.jpg,arytenoids,arytenoids,0.9610592722892761,mask,377.2435302734375,204.1667022705078,214.79681396484375,108.99089050292969,490.87671517671515,258.281288981289,14430.0,1280,720,,/Users/nicolasgarciacallejas/Documents/GitHub/BENG_Senior-Design/data/videos/raw_videos/41.MG/00000129.jpg,[]
41.MG,1,130,00000130.jpg,vocal_cords,vocal_cords,0.984029233455658,mask,469.607177734375,8.701715469360352,112.9178466796875,181.73959922790527,525.0766056229043,93.3049393861233,15508.0,1280,720,,/Users/nicolasgarciacallejas/Documents/GitHub/BENG_Senior-Design/data/videos/raw_videos/41.MG/00000130.jpg,[]
41.MG,1,130,00000130.jpg,arytenoids,arytenoids,0.9685326218605042,mask,377.925537109375,201.3438262939453,213.18359375,109.84004211425781,489.83362843911743,255.22568782348134,14684.0,1280,720,,/Users/nicolasgarciacallejas/Documents/GitHub/BENG_Senior-Design/data/videos/raw_videos/41.MG/00000130.jpg,[]
41.MG,1,131,00000131.jpg,vocal_cords,vocal_cords,0.9846276640892029,mask,464.1129150390625,2.470836639404297,118.5970458984375,188.08028030395508,524.3171529019922,90.4794917658669,16213.0,1280,720,,/Users/nicolasgarciacallejas/Documents/GitHub/BENG_Senior-Design/data/videos/raw_videos/41.MG/00000131.jpg,[]
41.MG,1,131,00000131.jpg,arytenoids,arytenoids,0.9681375622749329,mask,376.80133056640625,201.8352508544922,215.970947265625,107.30250549316406,491.7867514866547,253.99647351680267,14462.0,1280,720,,/Users/nicolasgarciacallejas/Documents/GitHub/BENG_Senior-Design/data/videos/raw_videos/41.MG/00000131.jpg,[]
41.MG,1,132,00000132.jpg,vocal_cords,vocal_cords,0.9850736260414124,mask,467.9095764160156,1.1529159545898438,109.76339721679688,187.48499298095703,524.4349978071549,89.08088465634985,15961.0,1280,720,,/Users/nicolasgarciacallejas/Documents/GitHub/BENG_Senior-Design/data/videos/raw_videos/41.MG/00000132.jpg,[]
41.MG,1,132,00000132.jpg,arytenoids,arytenoids,0.973109781742096,mask,375.7044982910156,200.06149291992188,225.93478393554688,106.52658081054688,492.9100493794208,252.8233017482984,14986.0,1280,720,,/Users/nicolasgarciacallejas/Documents/GitHub/BENG_Senior-Design/data/videos/raw_videos/41.MG/00000132.jpg,[]
41.MG,1,133,00000133.jpg,vocal_cords,vocal_cords,0.9847041368484497,mask,464.2303771972656,1.9600582122802734,119.43765258789062,187.0851230621338,524.332574872394,89.14236516819383,16261.0,1280,720,,/Users/nicolasgarciacallejas/Documents/GitHub/BENG_Senior-Design/data/videos/raw_videos/41.MG/00000133.jpg,[]
41.MG,1,133,00000133.jpg,arytenoids,arytenoids,0.970434308052063,mask,375.9107971191406,201.81216430664062,216.59664916992188,106.87652587890625,492.1500384534713,253.19723135006643,14303.0,1280,720,,/Users/nicolasgarciacallejas/Documents/GitHub/BENG_Senior-Design/data/videos/raw_videos/41.MG/00000133.jpg,[]
41.MG,1,134,00000134.jpg,vocal_cords,vocal_cords,0.9832925200462341,mask,464.4282531738281,2.792644500732422,117.85775756835938,186.15236282348633,524.4502049826554,89.87518133081046,15855.0,1280,720,,/Users/nicolasgarciacallejas/Documents/GitHub/BENG_Senior-Design/data/videos/raw_videos/41.MG/00000134.jpg,[]
41.MG,1,134,00000134.jpg,arytenoids,arytenoids,0.9659740924835205,mask,378.80206298828125,202.0992431640625,210.7171630859375,105.25570678710938,489.7570205842824,252.3973969017472,14137.0,1280,720,,/Users/nicolasgarciacallejas/Documents/GitHub/BENG_Senior-Design/data/videos/raw_videos/41.MG/00000134.jpg,[]
41.MG,1,135,00000135.jpg,vocal_cords,vocal_cords,0.9805400967597961,mask,465.5018615722656,3.9934825897216797,118.27590942382812,186.03608894348145,525.4487267293443,89.81775730029264,16061.0,1280,720,,/Users/nicolasgarciacallejas/Documents/GitHub/BENG_Senior-Design/data/videos/raw_videos/41.MG/00000135.jpg,[]
41.MG,1,135,00000135.jpg,arytenoids,arytenoids,0.9649274945259094,mask,377.9661560058594,200.84213256835938,214.46188354492188,101.53225708007812,489.7947511054058,250.58857509627728,14022.0,1280,720,,/Users/nicolasgarciacallejas/Documents/GitHub/BENG_Senior-Design/data/videos/raw_videos/41.MG/00000135.jpg,[]
41.MG,1,136,00000136.jpg,vocal_cords,vocal_cords,0.9832811951637268,mask,467.8869323730469,0.03830909729003906,110.37649536132812,186.5254421234131,524.2556082148499,87.0283728278041,15825.0,1280,720,,/Users/nicolasgarciacallejas/Documents/GitHub/BENG_Senior-Design/data/videos/raw_videos/41.MG/00000136.jpg,[]
41.MG,1,136,00000136.jpg,arytenoids,arytenoids,0.965259850025177,mask,381.03466796875,198.8199005126953,210.7349853515625,102.04765319824219,490.7124285714286,249.16628571428572,14000.0,1280,720,,/Users/nicolasgarciacallejas/Documents/GitHub/BENG_Senior-Design/data/videos/raw_videos/41.MG/00000136.jpg,[]
41.MG,1,137,00000137.jpg,vocal_cords,vocal_cords,0.9818210005760193,mask,468.949951171875,0.0,108.75726318359375,183.689453125,524.617014383828,85.71724763509135,15434.0,1280,720,,/Users/nicolasgarciacallejas/Documents/GitHub/BENG_Senior-Design/data/videos/raw_videos/41.MG/00000137.jpg,[]
41.MG,1,137,00000137.jpg,arytenoids,arytenoids,0.9698022603988647,mask,378.339599609375,200.73777770996094,217.272705078125,99.92817687988281,491.22705314009664,248.7755044046604,14076.0,1280,720,,/Users/nicolasgarciacallejas/Documents/GitHub/BENG_Senior-Design/data/videos/raw_videos/41.MG/00000137.jpg,[]
41.MG,1,138,00000138.jpg,vocal_cords,vocal_cords,0.9828502535820007,mask,466.33514404296875,4.18212890625,116.05242919921875,179.1190948486328,524.4987609234381,86.58523542454675,15334.0,1280,720,,/Users/nicolasgarciacallejas/Documents/GitHub/BENG_Senior-Design/data/videos/raw_videos/41.MG/00000138.jpg,[]
41.MG,1,138,00000138.jpg,arytenoids,arytenoids,0.9588996171951294,mask,381.0391845703125,201.8029022216797,211.938720703125,97.10585021972656,492.0972130787799,247.90366469168313,13671.0,1280,720,,/Users/nicolasgarciacallejas/Documents/GitHub/BENG_Senior-Design/data/videos/raw_videos/41.MG/00000138.jpg,[]
41.MG,1,139,00000139.jpg,vocal_cords,vocal_cords,0.9836966395378113,mask,471.5738220214844,5.01835823059082,109.19058227539062,177.84571647644043,524.0783654815511,86.49660595470125,14879.0,1280,720,,/Users/nicolasgarciacallejas/Documents/GitHub/BENG_Senior-Design/data/videos/raw_videos/41.MG/00000139.jpg,[]
41.MG,1,139,00000139.jpg,arytenoids,arytenoids,0.9621075391769409,mask,384.5978088378906,199.95535278320312,210.23977661132812,101.01873779296875,492.2198949004515,246.92739249500406,13511.0,1280,720,,/Users/nicolasgarciacallejas/Documents/GitHub/BENG_Senior-Design/data/videos/raw_videos/41.MG/00000139.jpg,[]
41.MG,1,140,00000140.jpg,vocal_cords,vocal_cords,0.9773209691047668,mask,468.37255859375,3.6397838592529297,110.165771484375,176.35429573059082,524.55881182867,86.69035936878399,15082.0,1280,720,,/Users/nicolasgarciacallejas/Documents/GitHub/BENG_Senior-Design/data/videos/raw_videos/41.MG/00000140.jpg,[]
41.MG,1,140,00000140.jpg,arytenoids,arytenoids,0.9693818688392639,mask,386.18463134765625,197.30908203125,212.41705322265625,101.742431640625,494.40598819844104,246.42092226997886,13727.0,1280,720,,/Users/nicolasgarciacallejas/Documents/GitHub/BENG_Senior-Design/data/videos/raw_videos/41.MG/00000140.jpg,[]
41.MG,1,141,00000141.jpg,vocal_cords,vocal_cords,0.9809516668319702,mask,465.34881591796875,2.946596145629883,118.46990966796875,180.877592086792,524.9762795712564,86.40464260797869,15767.0,1280,720,,/Users/nicolasgarciacallejas/Documents/GitHub/BENG_Senior-Design/data/videos/raw_videos/41.MG/00000141.jpg,[]
41.MG,1,141,00000141.jpg,arytenoids,arytenoids,0.963141143321991,mask,385.7893371582031,195.14987182617188,213.79757690429688,105.35244750976562,494.8267170762445,246.6300497094448,14283.0,1280,720,,/Users/nicolasgarciacallejas/Documents/GitHub/BENG_Senior-Design/data/videos/raw_videos/41.MG/00000141.jpg,[]
41.MG,1,142,00000142.jpg,vocal_cords,vocal_cords,0.9792852997779846,mask,469.44879150390625,0.4075336456298828,109.14892578125,182.00414848327637,524.6910126910127,84.34000259000258,15444.0,1280,720,,/Users/nicolasgarciacallejas/Documents/GitHub/BENG_Senior-Design/data/videos/raw_videos/41.MG/00000142.jpg,[]
41.MG,1,142,00000142.jpg,arytenoids,arytenoids,0.9632740020751953,mask,375.3472595214844,198.40377807617188,216.53433227539062,100.63241577148438,491.2016129032258,246.0761406567858,13764.0,1280,720,,/Users/nicolasgarciacallejas/Documents/GitHub/BENG_Senior-Design/data/videos/raw_videos/41.MG/00000142.jpg,[]
41.MG,1,143,00000143.jpg,vocal_cords,vocal_cords,0.9825173020362854,mask,465.4034423828125,2.480630874633789,118.4056396484375,180.35841941833496,525.2428498467824,85.8298646578141,15664.0,1280,720,,/Users/nicolasgarciacallejas/Documents/GitHub/BENG_Senior-Design/data/videos/raw_videos/41.MG/00000143.jpg,[]
41.MG,1,143,00000143.jpg,arytenoids,arytenoids,0.9565820693969727,mask,380.70489501953125,200.14295959472656,217.35321044921875,94.98585510253906,492.9744027303754,245.72340109808576,13478.0,1280,720,,/Users/nicolasgarciacallejas/Documents/GitHub/BENG_Senior-Design/data/videos/raw_videos/41.MG/00000143.jpg,[]
41.MG,1,144,00000144.jpg,vocal_cords,vocal_cords,0.9815204739570618,mask,470.7082824707031,3.548593521118164,111.61300659179688,176.99950218200684,524.8926598263615,84.78189950013154,15204.0,1280,720,,/Users/nicolasgarciacallejas/Documents/GitHub/BENG_Senior-Design/data/videos/raw_videos/41.MG/00000144.jpg,[]
41.MG,1,144,00000144.jpg,arytenoids,arytenoids,0.9666524529457092,mask,383.0511474609375,197.60006713867188,214.8087158203125,100.53915405273438,495.73825245700243,245.39795761670763,13024.0,1280,720,,/Users/nicolasgarciacallejas/Documents/GitHub/BENG_Senior-Design/data/videos/raw_videos/41.MG/00000144.jpg,[]
41.MG,1,145,00000145.jpg,vocal_cords,vocal_cords,0.9806445240974426,mask,465.6419677734375,2.1058273315429688,117.73858642578125,178.02030181884766,524.6717285945073,83.8231987075929,15475.0,1280,720,,/Users/nicolasgarciacallejas/Documents/GitHub/BENG_Senior-Design/data/videos/raw_videos/41.MG/00000145.jpg,[]
41.MG,1,145,00000145.jpg,arytenoids,arytenoids,0.9659395217895508,mask,380.75140380859375,190.9551239013672,217.49566650390625,103.56275939941406,492.3196437407224,243.43139888315545,14147.0,1280,720,,/Users/nicolasgarciacallejas/Documents/GitHub/BENG_Senior-Design/data/videos/raw_videos/41.MG/00000145.jpg,[]
41.MG,1,146,00000146.jpg,vocal_cords,vocal_cords,0.9794508814811707,mask,465.8583984375,5.328369140625,118.9705810546875,173.96078491210938,524.8697686508968,84.92032752794385,15388.0,1280,720,,/Users/nicolasgarciacallejas/Documents/GitHub/BENG_Senior-Design/data/videos/raw_videos/41.MG/00000146.jpg,[]
41.MG,1,146,00000146.jpg,arytenoids,arytenoids,0.9645662307739258,mask,384.5367736816406,192.77059936523438,213.79074096679688,101.75543212890625,492.3447845555311,242.32621302209498,13623.0,1280,720,,/Users/nicolasgarciacallejas/Documents/GitHub/BENG_Senior-Design/data/videos/raw_videos/41.MG/00000146.jpg,[]
41.MG,1,147,00000147.jpg,vocal_cords,vocal_cords,0.9834334850311279,mask,470.183837890625,3.5079479217529297,111.8900146484375,173.82988166809082,524.7433503492746,83.0805346587856,14888.0,1280,720,,/Users/nicolasgarciacallejas/Documents/GitHub/BENG_Senior-Design/data/videos/raw_videos/41.MG/00000147.jpg,[]
41.MG,1,147,00000147.jpg,arytenoids,arytenoids,0.9639974236488342,mask,388.2862548828125,192.81053161621094,207.71234130859375,105.48622131347656,494.6175342869783,242.7609497124318,13562.0,1280,720,,/Users/nicolasgarciacallejas/Documents/GitHub/BENG_Senior-Design/data/videos/raw_videos/41.MG/00000147.jpg,[]
41.MG,1,148,00000148.jpg,vocal_cords,vocal_cords,0.9837787747383118,mask,469.1666259765625,3.276348114013672,113.7216796875,173.8917579650879,524.2909926103455,83.21323480460688,15021.0,1280,720,,/Users/nicolasgarciacallejas/Documents/GitHub/BENG_Senior-Design/data/videos/raw_videos/41.MG/00000148.jpg,[]
41.MG,1,148,00000148.jpg,arytenoids,arytenoids,0.9660159349441528,mask,384.032470703125,190.3708038330078,211.2706298828125,104.24342346191406,490.77499630778317,240.53020233348101,13542.0,1280,720,,/Users/nicolasgarciacallejas/Documents/GitHub/BENG_Senior-Design/data/videos/raw_videos/41.MG/00000148.jpg,[]
41.MG,1,149,00000149.jpg,vocal_cords,vocal_cords,0.9828376770019531,mask,470.10186767578125,2.661752700805664,112.62847900390625,173.6239833831787,524.611059106713,82.50922706606045,14956.0,1280,720,,/Users/nicolasgarciacallejas/Documents/GitHub/BENG_Senior-Design/data/videos/raw_videos/41.MG/00000149.jpg,[]
41.MG,1,149,00000149.jpg,arytenoids,arytenoids,0.9648756980895996,mask,385.758056640625,193.1055450439453,211.03021240234375,99.92332458496094,492.65705419315776,241.04488343929762,13212.0,1280,720,,/Users/nicolasgarciacallejas/Documents/GitHub/BENG_Senior-Design/data/videos/raw_videos/41.MG/00000149.jpg,[]
41.MG,1,150,00000150.jpg,vocal_cords,vocal_cords,0.9830617904663086,mask,469.57342529296875,3.162670135498047,112.838134765625,173.66366958618164,523.9901661129568,83.18897009966777,15050.0,1280,720,,/Users/nicolasgarciacallejas/Documents/GitHub/BENG_Senior-Design/data/videos/raw_videos/41.MG/00000150.jpg,[]
41.MG,1,150,00000150.jpg,esophagus,esophagus,0.9643334150314331,mask,282.6357116699219,293.91033935546875,359.2143249511719,82.99429321289062,444.7722213388456,331.68015582763553,12578.0,1280,720,,/Users/nicolasgarciacallejas/Documents/GitHub/BENG_Senior-Design/data/videos/raw_videos/41.MG/00000150.jpg,[]
41.MG,1,151,00000151.jpg,vocal_cords,vocal_cords,0.9811517596244812,mask,468.6312255859375,4.412384033203125,115.20050048828125,170.6219482421875,523.7410988131751,83.21336178157088,14998.0,1280,720,,/Users/nicolasgarciacallejas/Documents/GitHub/BENG_Senior-Design/data/videos/raw_videos/41.MG/00000151.jpg,[]
41.MG,1,151,00000151.jpg,arytenoids,arytenoids,0.9677397608757019,mask,383.56689453125,188.10972595214844,205.89385986328125,102.20707702636719,486.5706818181818,239.1051515151515,13200.0,1280,720,,/Users/nicolasgarciacallejas/Documents/GitHub/BENG_Senior-Design/data/videos/raw_videos/41.MG/00000151.jpg,[]
41.MG,1,152,00000152.jpg,vocal_cords,vocal_cords,0.9818638563156128,mask,469.1103515625,3.79119873046875,114.55419921875,173.474365234375,523.8899211335383,83.3391926213073,14962.0,1280,720,,/Users/nicolasgarciacallejas/Documents/GitHub/BENG_Senior-Design/data/videos/raw_videos/41.MG/00000152.jpg,[]
41.MG,1,152,00000152.jpg,arytenoids,arytenoids,0.9643776416778564,mask,381.9163818359375,193.85174560546875,209.85736083984375,97.16616821289062,488.04303875019144,241.05322407719405,13058.0,1280,720,,/Users/nicolasgarciacallejas/Documents/GitHub/BENG_Senior-Design/data/videos/raw_videos/41.MG/00000152.jpg,[]
41.MG,1,153,00000153.jpg,vocal_cords,vocal_cords,0.9807716012001038,mask,470.4456787109375,3.8149166107177734,112.60247802734375,172.28878211975098,524.4078737010392,82.55149213962163,15012.0,1280,720,,/Users/nicolasgarciacallejas/Documents/GitHub/BENG_Senior-Design/data/videos/raw_videos/41.MG/00000153.jpg,[]
41.MG,1,153,00000153.jpg,arytenoids,arytenoids,0.9657343626022339,mask,385.0174255371094,194.7711181640625,206.89852905273438,95.19781494140625,490.7920815183572,241.24439950217797,12856.0,1280,720,,/Users/nicolasgarciacallejas/Documents/GitHub/BENG_Senior-Design/data/videos/raw_videos/41.MG/00000153.jpg,[]
41.MG,1,154,00000154.jpg,vocal_cords,vocal_cords,0.9817453026771545,mask,469.1723327636719,2.615365982055664,114.02572631835938,173.79686546325684,524.1413525866066,82.3347684970524,15097.0,1280,720,,/Users/nicolasgarciacallejas/Documents/GitHub/BENG_Senior-Design/data/videos/raw_videos/41.MG/00000154.jpg,[]
41.MG,1,154,00000154.jpg,arytenoids,arytenoids,0.9662444591522217,mask,383.22296142578125,192.6466064453125,207.68157958984375,97.401123046875,488.22980111870726,240.2625077688005,12872.0,1280,720,,/Users/nicolasgarciacallejas/Documents/GitHub/BENG_Senior-Design/data/videos/raw_videos/41.MG/00000154.jpg,[]
41.MG,1,155,00000155.jpg,vocal_cords,vocal_cords,0.9821653962135315,mask,469.19561767578125,3.557901382446289,113.12457275390625,172.78590965270996,523.8657087222185,82.69341301282482,14893.0,1280,720,,/Users/nicolasgarciacallejas/Documents/GitHub/BENG_Senior-Design/data/videos/raw_videos/41.MG/00000155.jpg,[]
41.MG,1,155,00000155.jpg,arytenoids,arytenoids,0.967719316482544,mask,385.2997131347656,192.67984008789062,204.79965209960938,98.43292236328125,487.84869443580976,240.43472179048803,12868.0,1280,720,,/Users/nicolasgarciacallejas/Documents/GitHub/BENG_Senior-Design/data/videos/raw_videos/41.MG/00000155.jpg,[]
41.MG,1,156,00000156.jpg,vocal_cords,vocal_cords,0.982288122177124,mask,468.65838623046875,3.1406402587890625,113.66455078125,173.22030639648438,523.6090045819775,82.14237333156252,15059.0,1280,720,,/Users/nicolasgarciacallejas/Documents/GitHub/BENG_Senior-Design/data/videos/raw_videos/41.MG/00000156.jpg,[]
41.MG,1,156,00000156.jpg,esophagus,esophagus,0.9628322720527649,mask,300.666748046875,292.8441162109375,336.81219482421875,89.56832885742188,452.77090880453613,332.87509844069933,12698.0,1280,720,,/Users/nicolasgarciacallejas/Documents/GitHub/BENG_Senior-Design/data/videos/raw_videos/41.MG/00000156.jpg,[]
41.MG,1,157,00000157.jpg,vocal_cords,vocal_cords,0.9815127849578857,mask,468.4539489746094,2.8246021270751953,115.57296752929688,174.339017868042,524.7883453517833,82.2822061976223,15393.0,1280,720,,/Users/nicolasgarciacallejas/Documents/GitHub/BENG_Senior-Design/data/videos/raw_videos/41.MG/00000157.jpg,[]
41.MG,1,157,00000157.jpg,arytenoids,arytenoids,0.9700292348861694,mask,376.5601806640625,187.87635803222656,214.4730224609375,103.80491638183594,486.40453617269543,239.86588389731622,13712.0,1280,720,,/Users/nicolasgarciacallejas/Documents/GitHub/BENG_Senior-Design/data/videos/raw_videos/41.MG/00000157.jpg,[]
41.MG,1,158,00000158.jpg,vocal_cords,vocal_cords,0.9802758693695068,mask,469.57830810546875,3.8948917388916016,113.68182373046875,175.04901695251465,524.2477459559799,83.7540440201538,15084.0,1280,720,,/Users/nicolasgarciacallejas/Documents/GitHub/BENG_Senior-Design/data/videos/raw_videos/41.MG/00000158.jpg,[]
41.MG,1,158,00000158.jpg,arytenoids,arytenoids,0.9701560139656067,mask,379.8157043457031,191.60891723632812,217.25955200195312,105.59103393554688,490.81907423330466,241.92204069934078,13956.0,1280,720,,/Users/nicolasgarciacallejas/Documents/GitHub/BENG_Senior-Design/data/videos/raw_videos/41.MG/00000158.jpg,[]
41.MG,1,159,00000159.jpg,vocal_cords,vocal_cords,0.9817659854888916,mask,470.3267822265625,1.5892505645751953,110.45867919921875,177.30567741394043,523.8860978203084,82.95680489101542,15048.0,1280,720,,/Users/nicolasgarciacallejas/Documents/GitHub/BENG_Senior-Design/data/videos/raw_videos/41.MG/00000159.jpg,[]
41.MG,1,159,00000159.jpg,arytenoids,arytenoids,0.9722350239753723,mask,377.1619873046875,189.57044982910156,214.99322509765625,103.91169738769531,487.5302123414565,242.0285734644435,14034.0,1280,720,,/Users/nicolasgarciacallejas/Documents/GitHub/BENG_Senior-Design/data/videos/raw_videos/41.MG/00000159.jpg,[]
41.MG,1,160,00000160.jpg,vocal_cords,vocal_cords,0.9821896553039551,mask,461.6398620605469,0.0,126.02951049804688,177.51705932617188,523.9842856244893,81.97221698409705,15909.0,1280,720,,/Users/nicolasgarciacallejas/Documents/GitHub/BENG_Senior-Design/data/videos/raw_videos/41.MG/00000160.jpg,[]
41.MG,1,160,00000160.jpg,arytenoids,arytenoids,0.9626495242118835,mask,383.8639831542969,197.12435913085938,211.41531372070312,99.56668090820312,490.410066671551,245.33181918089238,13649.0,1280,720,,/Users/nicolasgarciacallejas/Documents/GitHub/BENG_Senior-Design/data/videos/raw_videos/41.MG/00000160.jpg,[]
41.MG,1,161,00000161.jpg,vocal_cords,vocal_cords,0.9804266691207886,mask,465.2142333984375,1.618051528930664,118.5111083984375,179.9106502532959,523.5394077737619,84.51391795066895,15771.0,1280,720,,/Users/nicolasgarciacallejas/Documents/GitHub/BENG_Senior-Design/data/videos/raw_videos/41.MG/00000161.jpg,[]
41.MG,1,161,00000161.jpg,arytenoids,arytenoids,0.9680950045585632,mask,377.78082275390625,199.17300415039062,223.45098876953125,100.77902221679688,492.0368711233632,247.10434183321848,14510.0,1280,720,,/Users/nicolasgarciacallejas/Documents/GitHub/BENG_Senior-Design/data/videos/raw_videos/41.MG/00000161.jpg,[]
41.MG,1,162,00000162.jpg,vocal_cords,vocal_cords,0.9818522930145264,mask,464.8883056640625,1.8963146209716797,119.77972412109375,181.57452583312988,523.8365054602184,86.10215288611545,16025.0,1280,720,,/Users/nicolasgarciacallejas/Documents/GitHub/BENG_Senior-Design/data/videos/raw_videos/41.MG/00000162.jpg,[]
41.MG,1,162,00000162.jpg,arytenoids,arytenoids,0.9711928367614746,mask,385.8990783691406,200.9027862548828,212.27761840820312,102.10020446777344,494.09252442304967,250.07433102081268,14126.0,1280,720,,/Users/nicolasgarciacallejas/Documents/GitHub/BENG_Senior-Design/data/videos/raw_videos/41.MG/00000162.jpg,[]
41.MG,1,163,00000163.jpg,vocal_cords,vocal_cords,0.9831823110580444,mask,465.11590576171875,1.0937786102294922,119.22015380859375,182.98370552062988,524.6799535367121,85.86764076542153,16357.0,1280,720,,/Users/nicolasgarciacallejas/Documents/GitHub/BENG_Senior-Design/data/videos/raw_videos/41.MG/00000163.jpg,[]
41.MG,1,163,00000163.jpg,arytenoids,arytenoids,0.970740795135498,mask,385.1763916015625,203.3694610595703,222.20458984375,98.93498229980469,498.569872328615,252.12447960033305,14412.0,1280,720,,/Users/nicolasgarciacallejas/Documents/GitHub/BENG_Senior-Design/data/videos/raw_videos/41.MG/00000163.jpg,[]
41.MG,1,164,00000164.jpg,vocal_cords,vocal_cords,0.982461154460907,mask,466.1105651855469,0.6305599212646484,111.53695678710938,182.4948673248291,523.9145658263305,86.90056022408963,15708.0,1280,720,,/Users/nicolasgarciacallejas/Documents/GitHub/BENG_Senior-Design/data/videos/raw_videos/41.MG/00000164.jpg,[]
41.MG,1,164,00000164.jpg,arytenoids,arytenoids,0.9717118740081787,mask,386.61163330078125,205.2054443359375,218.51324462890625,100.72756958007812,500.3386554621849,254.60539215686273,14280.0,1280,720,,/Users/nicolasgarciacallejas/Documents/GitHub/BENG_Senior-Design/data/videos/raw_videos/41.MG/00000164.jpg,[]
41.MG,1,165,00000165.jpg,vocal_cords,vocal_cords,0.9848730564117432,mask,465.53228759765625,1.8122673034667969,115.29730224609375,185.4858741760254,523.4189972606231,88.48397783015862,15697.0,1280,720,,/Users/nicolasgarciacallejas/Documents/GitHub/BENG_Senior-Design/data/videos/raw_videos/41.MG/00000165.jpg,[]
41.MG,1,165,00000165.jpg,arytenoids,arytenoids,0.9644618034362793,mask,384.5093078613281,205.45538330078125,225.60281372070312,100.76034545898438,505.27139711627245,257.56879039704523,14079.0,1280,720,,/Users/nicolasgarciacallejas/Documents/GitHub/BENG_Senior-Design/data/videos/raw_videos/41.MG/00000165.jpg,[]
41.MG,1,166,00000166.jpg,vocal_cords,vocal_cords,0.9851706624031067,mask,467.1015625,1.8980979919433594,114.30572509765625,188.7294807434082,524.116068099913,89.98309929166149,16094.0,1280,720,,/Users/nicolasgarciacallejas/Documents/GitHub/BENG_Senior-Design/data/videos/raw_videos/41.MG/00000166.jpg,[]
41.MG,1,166,00000166.jpg,arytenoids,arytenoids,0.9586277008056641,mask,381.26190185546875,208.91685485839844,234.70904541015625,101.53065490722656,506.37243675099865,260.2214380825566,15020.0,1280,720,,/Users/nicolasgarciacallejas/Documents/GitHub/BENG_Senior-Design/data/videos/raw_videos/41.MG/00000166.jpg,[]
41.MG,1,167,00000167.jpg,vocal_cords,vocal_cords,0.9842516779899597,mask,466.07208251953125,3.1534671783447266,113.00103759765625,186.33417320251465,522.5867284546566,91.14803372594452,15537.0,1280,720,,/Users/nicolasgarciacallejas/Documents/GitHub/BENG_Senior-Design/data/videos/raw_videos/41.MG/00000167.jpg,[]
41.MG,1,167,00000167.jpg,arytenoids,arytenoids,0.9642173647880554,mask,384.7445068359375,207.62789916992188,224.16168212890625,101.3623046875,501.4510808534531,259.53081134194275,14248.0,1280,720,,/Users/nicolasgarciacallejas/Documents/GitHub/BENG_Senior-Design/data/videos/raw_videos/41.MG/00000167.jpg,[]
41.MG,1,168,00000168.jpg,vocal_cords,vocal_cords,0.9841374158859253,mask,466.42633056640625,3.439159393310547,113.64410400390625,184.9167366027832,523.4556914156057,89.9468044875835,15866.0,1280,720,,/Users/nicolasgarciacallejas/Documents/GitHub/BENG_Senior-Design/data/videos/raw_videos/41.MG/00000168.jpg,[]
41.MG,1,168,00000168.jpg,arytenoids,arytenoids,0.9651012420654297,mask,384.6836853027344,209.18397521972656,223.56039428710938,99.62672424316406,500.4984242258153,259.4821869005207,14596.0,1280,720,,/Users/nicolasgarciacallejas/Documents/GitHub/BENG_Senior-Design/data/videos/raw_videos/41.MG/00000168.jpg,[]
41.MG,1,169,00000169.jpg,vocal_cords,vocal_cords,0.9858405590057373,mask,466.04864501953125,3.466157913208008,113.24749755859375,189.15301322937012,523.2318448069534,91.9719720350192,15877.0,1280,720,,/Users/nicolasgarciacallejas/Documents/GitHub/BENG_Senior-Design/data/videos/raw_videos/41.MG/00000169.jpg,[]
41.MG,1,169,00000169.jpg,arytenoids,arytenoids,0.9526670575141907,mask,389.2318420410156,210.4639892578125,218.88986206054688,101.16009521484375,504.03176137540567,261.3960505420148,14483.0,1280,720,,/Users/nicolasgarciacallejas/Documents/GitHub/BENG_Senior-Design/data/videos/raw_videos/41.MG/00000169.jpg,[]
41.MG,1,170,00000170.jpg,vocal_cords,vocal_cords,0.9826211333274841,mask,466.16424560546875,4.19926643371582,113.53912353515625,187.7308177947998,522.9807485276423,92.27230701032234,15791.0,1280,720,,/Users/nicolasgarciacallejas/Documents/GitHub/BENG_Senior-Design/data/videos/raw_videos/41.MG/00000170.jpg,[]
41.MG,1,170,00000170.jpg,arytenoids,arytenoids,0.9587007761001587,mask,390.43560791015625,210.7028045654297,216.244873046875,101.89338684082031,502.0393810552729,261.64480379173347,14347.0,1280,720,,/Users/nicolasgarciacallejas/Documents/GitHub/BENG_Senior-Design/data/videos/raw_videos/41.MG/00000170.jpg,[]
41.MG,1,171,00000171.jpg,vocal_cords,vocal_cords,0.9832007884979248,mask,466.115966796875,5.230264663696289,111.651123046875,185.90170860290527,521.9528394576538,91.7667518176459,15267.0,1280,720,,/Users/nicolasgarciacallejas/Documents/GitHub/BENG_Senior-Design/data/videos/raw_videos/41.MG/00000171.jpg,[]
41.MG,1,171,00000171.jpg,arytenoids,arytenoids,0.9645458459854126,mask,388.14996337890625,210.3553466796875,220.96124267578125,100.423583984375,503.501695619074,260.67790158488475,14449.0,1280,720,,/Users/nicolasgarciacallejas/Documents/GitHub/BENG_Senior-Design/data/videos/raw_videos/41.MG/00000171.jpg,[]
41.MG,1,172,00000172.jpg,vocal_cords,vocal_cords,0.9857009649276733,mask,465.69757080078125,2.230253219604492,112.8961181640625,187.27787971496582,521.6195202646816,90.33390596169752,15717.0,1280,720,,/Users/nicolasgarciacallejas/Documents/GitHub/BENG_Senior-Design/data/videos/raw_videos/41.MG/00000172.jpg,[]
41.MG,1,172,00000172.jpg,arytenoids,arytenoids,0.9561052918434143,mask,391.20831298828125,210.06996154785156,218.4598388671875,102.67634582519531,502.2721410441106,261.217122864787,14577.0,1280,720,,/Users/nicolasgarciacallejas/Documents/GitHub/BENG_Senior-Design/data/videos/raw_videos/41.MG/00000172.jpg,[]
41.MG,1,173,00000173.jpg,vocal_cords,vocal_cords,0.9852141737937927,mask,464.9944763183594,2.4491500854492188,113.22073364257812,186.48792266845703,521.7970702010273,89.76663073118144,15769.0,1280,720,,/Users/nicolasgarciacallejas/Documents/GitHub/BENG_Senior-Design/data/videos/raw_videos/41.MG/00000173.jpg,[]
41.MG,1,173,00000173.jpg,arytenoids,arytenoids,0.9636756777763367,mask,386.8112487792969,210.2259521484375,222.41342163085938,100.4967041015625,502.8323984129156,261.17177452455877,14618.0,1280,720,,/Users/nicolasgarciacallejas/Documents/GitHub/BENG_Senior-Design/data/videos/raw_videos/41.MG/00000173.jpg,[]
41.MG,1,174,00000174.jpg,vocal_cords,vocal_cords,0.9851704239845276,mask,466.0487365722656,3.618898391723633,110.13644409179688,184.25288200378418,521.8667240466102,90.41128177966101,15104.0,1280,720,,/Users/nicolasgarciacallejas/Documents/GitHub/BENG_Senior-Design/data/videos/raw_videos/41.MG/00000174.jpg,[]
41.MG,1,174,00000174.jpg,arytenoids,arytenoids,0.9603008031845093,mask,387.28839111328125,210.60775756835938,217.41943359375,99.84573364257812,500.2824924595558,260.60344118453526,14588.0,1280,720,,/Users/nicolasgarciacallejas/Documents/GitHub/BENG_Senior-Design/data/videos/raw_videos/41.MG/00000174.jpg,[]
41.MG,1,175,00000175.jpg,vocal_cords,vocal_cords,0.9838504195213318,mask,465.8824462890625,4.684858322143555,110.3826904296875,184.16581916809082,521.5459773870989,90.73518070714333,15301.0,1280,720,,/Users/nicolasgarciacallejas/Documents/GitHub/BENG_Senior-Design/data/videos/raw_videos/41.MG/00000175.jpg,[]
41.MG,1,175,00000175.jpg,arytenoids,arytenoids,0.9650704860687256,mask,387.483154296875,211.69058227539062,218.72528076171875,99.5301513671875,502.83309342162084,261.2122498920397,13894.0,1280,720,,/Users/nicolasgarciacallejas/Documents/GitHub/BENG_Senior-Design/data/videos/raw_videos/41.MG/00000175.jpg,[]
41.MG,1,176,00000176.jpg,vocal_cords,vocal_cords,0.9855054020881653,mask,465.2301330566406,2.2591686248779297,111.88632202148438,186.27525520324707,522.1188712972421,89.10010214504597,15664.0,1280,720,,/Users/nicolasgarciacallejas/Documents/GitHub/BENG_Senior-Design/data/videos/raw_videos/41.MG/00000176.jpg,[]
41.MG,1,176,00000176.jpg,arytenoids,arytenoids,0.9656874537467957,mask,384.03399658203125,209.56764221191406,221.53900146484375,100.90077209472656,499.98780235683273,260.7204879057267,14511.0,1280,720,,/Users/nicolasgarciacallejas/Documents/GitHub/BENG_Senior-Design/data/videos/raw_videos/41.MG/00000176.jpg,[]
41.MG,1,177,00000177.jpg,vocal_cords,vocal_cords,0.9845672845840454,mask,464.5402526855469,4.029502868652344,111.60977172851562,179.4231185913086,521.0104837104373,87.82117974918718,15071.0,1280,720,,/Users/nicolasgarciacallejas/Documents/GitHub/BENG_Senior-Design/data/videos/raw_videos/41.MG/00000177.jpg,[]
41.MG,1,177,00000177.jpg,arytenoids,arytenoids,0.9655234813690186,mask,382.4249267578125,208.74310302734375,223.5067138671875,97.83798217773438,498.16156105749053,258.7259756609316,14298.0,1280,720,,/Users/nicolasgarciacallejas/Documents/GitHub/BENG_Senior-Design/data/videos/raw_videos/41.MG/00000177.jpg,[]
41.MG,1,178,00000178.jpg,vocal_cords,vocal_cords,0.9858784675598145,mask,464.406005859375,3.5894203186035156,112.260986328125,182.8704490661621,520.7545620437957,88.92211939520334,15344.0,1280,720,,/Users/nicolasgarciacallejas/Documents/GitHub/BENG_Senior-Design/data/videos/raw_videos/41.MG/00000178.jpg,[]
41.MG,1,178,00000178.jpg,arytenoids,arytenoids,0.9646626710891724,mask,382.5421447753906,208.1295623779297,219.46151733398438,100.44520568847656,498.0084116773874,259.6240192266912,14147.0,1280,720,,/Users/nicolasgarciacallejas/Documents/GitHub/BENG_Senior-Design/data/videos/raw_videos/41.MG/00000178.jpg,[]
41.MG,1,179,00000179.jpg,vocal_cords,vocal_cords,0.9861852526664734,mask,464.5376892089844,3.0186080932617188,110.81808471679688,182.1821060180664,520.1678298656834,87.9596391888333,15188.0,1280,720,,/Users/nicolasgarciacallejas/Documents/GitHub/BENG_Senior-Design/data/videos/raw_videos/41.MG/00000179.jpg,[]
41.MG,1,179,00000179.jpg,arytenoids,arytenoids,0.9647478461265564,mask,379.0091552734375,209.7289276123047,233.08306884765625,100.12355041503906,502.48505969222276,260.0115243944517,14491.0,1280,720,,/Users/nicolasgarciacallejas/Documents/GitHub/BENG_Senior-Design/data/videos/raw_videos/41.MG/00000179.jpg,[]
41.MG,1,180,00000180.jpg,vocal_cords,vocal_cords,0.986929178237915,mask,466.9571228027344,0.0,107.72232055664062,187.91278076171875,519.7554072096128,85.79519359145527,14980.0,1280,720,,/Users/nicolasgarciacallejas/Documents/GitHub/BENG_Senior-Design/data/videos/raw_videos/41.MG/00000180.jpg,[]
41.MG,1,180,00000180.jpg,arytenoids,arytenoids,0.9661710262298584,mask,378.05035400390625,208.8845672607422,218.93841552734375,98.58769226074219,497.62431424182574,256.9795918367347,13671.0,1280,720,,/Users/nicolasgarciacallejas/Documents/GitHub/BENG_Senior-Design/data/videos/raw_videos/41.MG/00000180.jpg,[]
41.MG,1,181,00000181.jpg,vocal_cords,vocal_cords,0.9875912666320801,mask,462.4351806640625,1.104440689086914,111.37823486328125,182.2616786956787,518.7069988137604,85.64017398181099,15174.0,1280,720,,/Users/nicolasgarciacallejas/Documents/GitHub/BENG_Senior-Design/data/videos/raw_videos/41.MG/00000181.jpg,[]
41.MG,1,181,00000181.jpg,arytenoids,arytenoids,0.9678173065185547,mask,380.2256774902344,208.2727813720703,217.55203247070312,98.51261901855469,497.8198727015559,255.86166902404526,14140.0,1280,720,,/Users/nicolasgarciacallejas/Documents/GitHub/BENG_Senior-Design/data/videos/raw_videos/41.MG/00000181.jpg,[]
41.MG,1,182,00000182.jpg,vocal_cords,vocal_cords,0.982377290725708,mask,464.2264099121094,4.848785400390625,110.17587280273438,178.7600555419922,519.5186777747917,87.16756248320344,14884.0,1280,720,,/Users/nicolasgarciacallejas/Documents/GitHub/BENG_Senior-Design/data/videos/raw_videos/41.MG/00000182.jpg,[]
41.MG,1,182,00000182.jpg,arytenoids,arytenoids,0.9753279089927673,mask,376.2176818847656,206.31956481933594,224.22042846679688,98.72645568847656,497.9196309079383,254.55758258787068,14197.0,1280,720,,/Users/nicolasgarciacallejas/Documents/GitHub/BENG_Senior-Design/data/videos/raw_videos/41.MG/00000182.jpg,[]
41.MG,1,183,00000183.jpg,vocal_cords,vocal_cords,0.9848774671554565,mask,462.35357666015625,1.0575389862060547,112.27069091796875,182.49351692199707,518.7967469010297,86.10224962287663,15247.0,1280,720,,/Users/nicolasgarciacallejas/Documents/GitHub/BENG_Senior-Design/data/videos/raw_videos/41.MG/00000183.jpg,[]
41.MG,1,183,00000183.jpg,arytenoids,arytenoids,0.9726991653442383,mask,380.44110107421875,205.5240020751953,224.710205078125,99.84718322753906,498.8750509026741,254.4722410750645,14734.0,1280,720,,/Users/nicolasgarciacallejas/Documents/GitHub/BENG_Senior-Design/data/videos/raw_videos/41.MG/00000183.jpg,[]
41.MG,1,184,00000184.jpg,vocal_cords,vocal_cords,0.9846681952476501,mask,461.0722351074219,1.1974525451660156,113.74649047851562,182.9143943786621,518.2545478170479,85.99044958419958,15392.0,1280,720,,/Users/nicolasgarciacallejas/Documents/GitHub/BENG_Senior-Design/data/videos/raw_videos/41.MG/00000184.jpg,[]
41.MG,1,184,00000184.jpg,arytenoids,arytenoids,0.9753203988075256,mask,385.0602722167969,206.23959350585938,217.31094360351562,99.02679443359375,499.9981777403981,255.241028875806,14268.0,1280,720,,/Users/nicolasgarciacallejas/Documents/GitHub/BENG_Senior-Design/data/videos/raw_videos/41.MG/00000184.jpg,[]
41.MG,1,185,00000185.jpg,vocal_cords,vocal_cords,0.9856514930725098,mask,459.7871398925781,0.6198596954345703,115.46762084960938,184.2261028289795,517.9596577017115,86.44009779951101,15542.0,1280,720,,/Users/nicolasgarciacallejas/Documents/GitHub/BENG_Senior-Design/data/videos/raw_videos/41.MG/00000185.jpg,[]
41.MG,1,185,00000185.jpg,arytenoids,arytenoids,0.9721606373786926,mask,376.5567626953125,206.03604125976562,218.64678955078125,98.90213012695312,494.49497594112654,254.55328332861592,14132.0,1280,720,,/Users/nicolasgarciacallejas/Documents/GitHub/BENG_Senior-Design/data/videos/raw_videos/41.MG/00000185.jpg,[]
41.MG,1,186,00000186.jpg,vocal_cords,vocal_cords,0.985919713973999,mask,461.5061950683594,1.6298961639404297,112.60763549804688,181.28491401672363,518.3818944058693,86.0326870169003,15266.0,1280,720,,/Users/nicolasgarciacallejas/Documents/GitHub/BENG_Senior-Design/data/videos/raw_videos/41.MG/00000186.jpg,[]
41.MG,1,186,00000186.jpg,arytenoids,arytenoids,0.9712159633636475,mask,373.24346923828125,204.84701538085938,222.1270751953125,100.0762939453125,495.27980483665675,254.07749964644321,14142.0,1280,720,,/Users/nicolasgarciacallejas/Documents/GitHub/BENG_Senior-Design/data/videos/raw_videos/41.MG/00000186.jpg,[]
41.MG,1,187,00000187.jpg,vocal_cords,vocal_cords,0.9852010011672974,mask,461.6697692871094,1.9610404968261719,112.95919799804688,178.23747634887695,518.0341783912928,85.06152110432706,15068.0,1280,720,,/Users/nicolasgarciacallejas/Documents/GitHub/BENG_Senior-Design/data/videos/raw_videos/41.MG/00000187.jpg,[]
41.MG,1,187,00000187.jpg,arytenoids,arytenoids,0.9636014103889465,mask,374.2791748046875,203.3009033203125,225.33868408203125,99.27410888671875,497.7593564183281,252.83644630989858,14295.0,1280,720,,/Users/nicolasgarciacallejas/Documents/GitHub/BENG_Senior-Design/data/videos/raw_videos/41.MG/00000187.jpg,[]
41.MG,1,188,00000188.jpg,vocal_cords,vocal_cords,0.9869723916053772,mask,461.79241943359375,2.3620223999023438,113.08392333984375,178.31417083740234,517.9739090731198,85.21244537212185,15331.0,1280,720,,/Users/nicolasgarciacallejas/Documents/GitHub/BENG_Senior-Design/data/videos/raw_videos/41.MG/00000188.jpg,[]
41.MG,1,188,00000188.jpg,arytenoids,arytenoids,0.9730168581008911,mask,393.16796875,204.58984375,206.871337890625,96.5079345703125,498.8969626507775,253.15477401540474,13762.0,1280,720,,/Users/nicolasgarciacallejas/Documents/GitHub/BENG_Senior-Design/data/videos/raw_videos/41.MG/00000188.jpg,[]
41.MG,1,189,00000189.jpg,vocal_cords,vocal_cords,0.9855803847312927,mask,459.13250732421875,0.4907035827636719,116.2740478515625,180.53310012817383,517.6599326599327,84.33093758093759,15444.0,1280,720,,/Users/nicolasgarciacallejas/Documents/GitHub/BENG_Senior-Design/data/videos/raw_videos/41.MG/00000189.jpg,[]
41.MG,1,189,00000189.jpg,arytenoids,arytenoids,0.9727847576141357,mask,390.63287353515625,202.90794372558594,211.3211669921875,97.67878723144531,498.4397027600849,251.90353857041754,14130.0,1280,720,,/Users/nicolasgarciacallejas/Documents/GitHub/BENG_Senior-Design/data/videos/raw_videos/41.MG/00000189.jpg,[]
41.MG,1,190,00000190.jpg,vocal_cords,vocal_cords,0.9856051802635193,mask,460.3828430175781,1.4545726776123047,114.12307739257812,179.40910530090332,517.3516999603122,84.6350046302421,15118.0,1280,720,,/Users/nicolasgarciacallejas/Documents/GitHub/BENG_Senior-Design/data/videos/raw_videos/41.MG/00000190.jpg,[]
41.MG,1,190,00000190.jpg,arytenoids,arytenoids,0.9736269116401672,mask,378.8917236328125,202.2960662841797,221.5279541015625,97.11448669433594,495.89475899810566,250.71192029748124,14253.0,1280,720,,/Users/nicolasgarciacallejas/Documents/GitHub/BENG_Senior-Design/data/videos/raw_videos/41.MG/00000190.jpg,[]
41.MG,1,191,00000191.jpg,vocal_cords,vocal_cords,0.9863547682762146,mask,458.1519775390625,1.1997222900390625,116.61224365234375,180.86480712890625,515.7841694394676,83.87496800614282,15628.0,1280,720,,/Users/nicolasgarciacallejas/Documents/GitHub/BENG_Senior-Design/data/videos/raw_videos/41.MG/00000191.jpg,[]
41.MG,1,191,00000191.jpg,arytenoids,arytenoids,0.9796062111854553,mask,380.3497619628906,201.25999450683594,217.57211303710938,98.50654602050781,496.12874038187516,250.71993445426048,14036.0,1280,720,,/Users/nicolasgarciacallejas/Documents/GitHub/BENG_Senior-Design/data/videos/raw_videos/41.MG/00000191.jpg,[]
41.MG,1,192,00000192.jpg,vocal_cords,vocal_cords,0.9842613935470581,mask,458.9248352050781,0.8154773712158203,115.85678100585938,178.54510307312012,516.1974960671212,82.77405610907184,15256.0,1280,720,,/Users/nicolasgarciacallejas/Documents/GitHub/BENG_Senior-Design/data/videos/raw_videos/41.MG/00000192.jpg,[]
41.MG,1,192,00000192.jpg,arytenoids,arytenoids,0.9758525490760803,mask,387.0663757324219,202.93560791015625,211.39871215820312,96.6668701171875,497.31962371472326,251.17260993218113,13713.0,1280,720,,/Users/nicolasgarciacallejas/Documents/GitHub/BENG_Senior-Design/data/videos/raw_videos/41.MG/00000192.jpg,[]
41.MG,1,193,00000193.jpg,vocal_cords,vocal_cords,0.9848750233650208,mask,457.6861267089844,9.697866439819336,119.40621948242188,158.40432167053223,516.0789944903581,85.29517906336088,14520.0,1280,720,,/Users/nicolasgarciacallejas/Documents/GitHub/BENG_Senior-Design/data/videos/raw_videos/41.MG/00000193.jpg,[]
41.MG,1,193,00000193.jpg,arytenoids,arytenoids,0.9762598872184753,mask,387.8702392578125,203.8498077392578,210.4420166015625,95.31938171386719,497.01120117907146,251.01827560795874,13570.0,1280,720,,/Users/nicolasgarciacallejas/Documents/GitHub/BENG_Senior-Design/data/videos/raw_videos/41.MG/00000193.jpg,[]
41.MG,1,194,00000194.jpg,vocal_cords,vocal_cords,0.9824661016464233,mask,457.750244140625,1.1295795440673828,117.795166015625,177.91804313659668,516.2931012250161,82.7678916827853,15510.0,1280,720,,/Users/nicolasgarciacallejas/Documents/GitHub/BENG_Senior-Design/data/videos/raw_videos/41.MG/00000194.jpg,[]
41.MG,1,194,00000194.jpg,arytenoids,arytenoids,0.9739711284637451,mask,384.9088134765625,202.75047302246094,211.8924560546875,94.71397399902344,493.93022228764903,249.1597968496982,13586.0,1280,720,,/Users/nicolasgarciacallejas/Documents/GitHub/BENG_Senior-Design/data/videos/raw_videos/41.MG/00000194.jpg,[]
41.MG,1,195,00000195.jpg,vocal_cords,vocal_cords,0.9851238131523132,mask,458.08648681640625,0.8268070220947266,117.28814697265625,177.90338706970215,516.2432432432432,82.67394235090197,15577.0,1280,720,,/Users/nicolasgarciacallejas/Documents/GitHub/BENG_Senior-Design/data/videos/raw_videos/41.MG/00000195.jpg,[]
41.MG,1,195,00000195.jpg,arytenoids,arytenoids,0.9788305163383484,mask,377.630859375,202.29281616210938,222.4649658203125,97.0418701171875,493.85243503100395,248.468961192782,14353.0,1280,720,,/Users/nicolasgarciacallejas/Documents/GitHub/BENG_Senior-Design/data/videos/raw_videos/41.MG/00000195.jpg,[]
41.MG,1,196,00000196.jpg,arytenoids,arytenoids,0.9826856851577759,mask,375.0133972167969,201.49972534179688,224.19186401367188,101.24591064453125,494.29800296856024,250.44966941033599,14822.0,1280,720,,/Users/nicolasgarciacallejas/Documents/GitHub/BENG_Senior-Design/data/videos/raw_videos/41.MG/00000196.jpg,[]
41.MG,1,196,00000196.jpg,vocal_cords,vocal_cords,0.9824585318565369,mask,457.02301025390625,0.6012439727783203,118.93963623046875,180.3161449432373,516.52616260677,84.2472635242012,15805.0,1280,720,,/Users/nicolasgarciacallejas/Documents/GitHub/BENG_Senior-Design/data/videos/raw_videos/41.MG/00000196.jpg,[]
41.MG,1,197,00000197.jpg,vocal_cords,vocal_cords,0.9829718470573425,mask,459.71533203125,1.5411853790283203,115.2852783203125,178.1585521697998,517.4787599714638,84.09455866139179,15419.0,1280,720,,/Users/nicolasgarciacallejas/Documents/GitHub/BENG_Senior-Design/data/videos/raw_videos/41.MG/00000197.jpg,[]
41.MG,1,197,00000197.jpg,arytenoids,arytenoids,0.9750164747238159,mask,370.4630126953125,200.16122436523438,225.99945068359375,98.58563232421875,490.31372948039615,248.1904761904762,14742.0,1280,720,,/Users/nicolasgarciacallejas/Documents/GitHub/BENG_Senior-Design/data/videos/raw_videos/41.MG/00000197.jpg,[]
41.MG,1,198,00000198.jpg,vocal_cords,vocal_cords,0.9821909666061401,mask,456.64892578125,0.8509635925292969,119.4937744140625,177.23280715942383,516.6875517878768,82.84377589393843,15689.0,1280,720,,/Users/nicolasgarciacallejas/Documents/GitHub/BENG_Senior-Design/data/videos/raw_videos/41.MG/00000198.jpg,[]
41.MG,1,198,00000198.jpg,arytenoids,arytenoids,0.9766383171081543,mask,375.29327392578125,199.38623046875,222.375244140625,101.8616943359375,490.8935356111969,247.88621870175203,14897.0,1280,720,,/Users/nicolasgarciacallejas/Documents/GitHub/BENG_Senior-Design/data/videos/raw_videos/41.MG/00000198.jpg,[]
41.MG,1,199,00000199.jpg,vocal_cords,vocal_cords,0.9831975698471069,mask,459.24310302734375,2.161102294921875,115.65521240234375,178.8184814453125,517.8123267358649,85.20765908065243,15511.0,1280,720,,/Users/nicolasgarciacallejas/Documents/GitHub/BENG_Senior-Design/data/videos/raw_videos/41.MG/00000199.jpg,[]
41.MG,1,199,00000199.jpg,arytenoids,arytenoids,0.9790276885032654,mask,368.58648681640625,202.38177490234375,232.59918212890625,100.19464111328125,494.10402085906406,251.79051735968162,14574.0,1280,720,,/Users/nicolasgarciacallejas/Documents/GitHub/BENG_Senior-Design/data/videos/raw_videos/41.MG/00000199.jpg,[]
41.MG,1,200,00000200.jpg,vocal_cords,vocal_cords,0.9849077463150024,mask,459.5043640136719,1.8988513946533203,114.99502563476562,178.18220329284668,517.1971812434141,85.4736564805058,15184.0,1280,720,,/Users/nicolasgarciacallejas/Documents/GitHub/BENG_Senior-Design/data/videos/raw_videos/41.MG/00000200.jpg,[]
41.MG,1,200,00000200.jpg,arytenoids,arytenoids,0.9788331389427185,mask,372.627197265625,200.326416015625,221.32049560546875,104.61727905273438,490.60232979910717,251.13092912946428,14336.0,1280,720,,/Users/nicolasgarciacallejas/Documents/GitHub/BENG_Senior-Design/data/videos/raw_videos/41.MG/00000200.jpg,[]
41.MG,1,201,00000201.jpg,vocal_cords,vocal_cords,0.9828701615333557,mask,455.74029541015625,0.4536724090576172,120.40936279296875,175.04144477844238,515.6566776934553,81.59058182525783,15417.0,1280,720,,/Users/nicolasgarciacallejas/Documents/GitHub/BENG_Senior-Design/data/videos/raw_videos/41.MG/00000201.jpg,[]
41.MG,1,201,00000201.jpg,endotracheal_tube,endotracheal_tube,0.9774290323257446,mask,749.546875,11.967582702636719,354.1663818359375,510.54883575439453,963.6194109282958,269.78093032703634,123075.0,1280,720,,/Users/nicolasgarciacallejas/Documents/GitHub/BENG_Senior-Design/data/videos/raw_videos/41.MG/00000201.jpg,[]
41.MG,1,202,00000202.jpg,endotracheal_tube,endotracheal_tube,0.9890145659446716,mask,783.33740234375,0.12012481689453125,325.4283447265625,409.24108123779297,967.1274366197183,200.1853896713615,106500.0,1280,720,,/Users/nicolasgarciacallejas/Documents/GitHub/BENG_Senior-Design/data/videos/raw_videos/41.MG/00000202.jpg,[]
41.MG,1,202,00000202.jpg,vocal_cords,vocal_cords,0.9824603199958801,mask,452.51837158203125,5.306806564331055,125.7271728515625,155.5014820098877,513.0899509478987,80.5744398780326,15086.0,1280,720,,/Users/nicolasgarciacallejas/Documents/GitHub/BENG_Senior-Design/data/videos/raw_videos/41.MG/00000202.jpg,[]
41.MG,1,203,00000203.jpg,endotracheal_tube,endotracheal_tube,0.9922398328781128,mask,760.1534423828125,0.0,349.4429931640625,370.2886962890625,955.4590525189939,175.6875046101645,108456.0,1280,720,,/Users/nicolasgarciacallejas/Documents/GitHub/BENG_Senior-Design/data/videos/raw_videos/41.MG/00000203.jpg,[]
41.MG,1,203,00000203.jpg,vocal_cords,vocal_cords,0.9807625412940979,mask,452.9168395996094,6.326704025268555,125.32601928710938,154.1454029083252,513.0354017501988,80.15486608326704,15084.0,1280,720,,/Users/nicolasgarciacallejas/Documents/GitHub/BENG_Senior-Design/data/videos/raw_videos/41.MG/00000203.jpg,[]
41.MG,1,204,00000204.jpg,endotracheal_tube,endotracheal_tube,0.9885963797569275,mask,761.4179077148438,0.0,347.66192626953125,324.0184326171875,952.0567062114698,149.92267523182926,96515.0,1280,720,,/Users/nicolasgarciacallejas/Documents/GitHub/BENG_Senior-Design/data/videos/raw_videos/41.MG/00000204.jpg,[]
41.MG,1,204,00000204.jpg,vocal_cords,vocal_cords,0.9860825538635254,mask,454.0277099609375,5.355744361877441,125.2696533203125,157.181960105896,513.4768867615238,81.5716346469084,15251.0,1280,720,,/Users/nicolasgarciacallejas/Documents/GitHub/BENG_Senior-Design/data/videos/raw_videos/41.MG/00000204.jpg,[]
41.MG,1,205,00000205.jpg,vocal_cords,vocal_cords,0.9821767807006836,mask,454.6903076171875,6.730031967163086,122.8695068359375,153.77256202697754,513.1456575006806,80.95569017152192,14692.0,1280,720,,/Users/nicolasgarciacallejas/Documents/GitHub/BENG_Senior-Design/data/videos/raw_videos/41.MG/00000205.jpg,[]
41.MG,1,205,00000205.jpg,arytenoids,arytenoids,0.9712788462638855,mask,378.3829040527344,197.43492126464844,210.11178588867188,92.60340881347656,488.16131323494596,243.37873885249783,12671.0,1280,720,,/Users/nicolasgarciacallejas/Documents/GitHub/BENG_Senior-Design/data/videos/raw_videos/41.MG/00000205.jpg,[]
41.MG,1,206,00000206.jpg,vocal_cords,vocal_cords,0.9826630353927612,mask,454.2254333496094,1.5544891357421875,121.42019653320312,171.3836669921875,513.6418586838578,80.54598838322589,15667.0,1280,720,,/Users/nicolasgarciacallejas/Documents/GitHub/BENG_Senior-Design/data/videos/raw_videos/41.MG/00000206.jpg,[]
41.MG,1,206,00000206.jpg,arytenoids,arytenoids,0.9705471396446228,mask,372.6592712402344,195.43418884277344,216.59896850585938,96.36463928222656,485.93081945565257,242.4723057736043,13631.0,1280,720,,/Users/nicolasgarciacallejas/Documents/GitHub/BENG_Senior-Design/data/videos/raw_videos/41.MG/00000206.jpg,[]
41.MG,1,207,00000207.jpg,vocal_cords,vocal_cords,0.9835802912712097,mask,457.7059326171875,0.08501052856445312,117.8211669921875,174.8951530456543,514.9719293788899,80.31011050425505,15746.0,1280,720,,/Users/nicolasgarciacallejas/Documents/GitHub/BENG_Senior-Design/data/videos/raw_videos/41.MG/00000207.jpg,[]
41.MG,1,207,00000207.jpg,arytenoids,arytenoids,0.9722793102264404,mask,378.69482421875,196.7108917236328,213.0594482421875,96.17137145996094,489.9094538606403,243.51224105461392,13275.0,1280,720,,/Users/nicolasgarciacallejas/Documents/GitHub/BENG_Senior-Design/data/videos/raw_videos/41.MG/00000207.jpg,[]
41.MG,1,208,00000208.jpg,endotracheal_tube,endotracheal_tube,0.9839020371437073,mask,726.6302490234375,0.0,387.4248046875,297.67242431640625,935.0593416735029,132.31745283018867,97520.0,1280,720,,/Users/nicolasgarciacallejas/Documents/GitHub/BENG_Senior-Design/data/videos/raw_videos/41.MG/00000208.jpg,[]
41.MG,1,208,00000208.jpg,vocal_cords,vocal_cords,0.9810163378715515,mask,455.459228515625,1.82464599609375,119.907958984375,171.54974365234375,514.9810603620434,80.72466662371964,15523.0,1280,720,,/Users/nicolasgarciacallejas/Documents/GitHub/BENG_Senior-Design/data/videos/raw_videos/41.MG/00000208.jpg,[]
41.MG,1,209,00000209.jpg,endotracheal_tube,endotracheal_tube,0.9887288808822632,mask,666.95263671875,0.0,433.2891845703125,330.5026550292969,897.2158911442489,144.06841720279954,120306.0,1280,720,,/Users/nicolasgarciacallejas/Documents/GitHub/BENG_Senior-Design/data/videos/raw_videos/41.MG/00000209.jpg,[]
41.MG,1,209,00000209.jpg,vocal_cords,vocal_cords,0.9802966117858887,mask,452.36541748046875,0.22502899169921875,124.45819091796875,176.7291030883789,514.0960673435291,80.91048708392238,15562.0,1280,720,,/Users/nicolasgarciacallejas/Documents/GitHub/BENG_Senior-Design/data/videos/raw_videos/41.MG/00000209.jpg,[]
41.MG,1,210,00000210.jpg,endotracheal_tube,endotracheal_tube,0.9770799875259399,mask,446.6507263183594,0.3900718688964844,655.8087463378906,457.832950592041,831.3235158639496,184.22597376275934,217096.0,1280,720,,/Users/nicolasgarciacallejas/Documents/GitHub/BENG_Senior-Design/data/videos/raw_videos/41.MG/00000210.jpg,[]
41.MG,1,210,00000210.jpg,arytenoids,arytenoids,0.9740813970565796,mask,371.7166748046875,193.32089233398438,211.9788818359375,98.55209350585938,482.4427203952447,241.8380423035356,12954.0,1280,720,,/Users/nicolasgarciacallejas/Documents/GitHub/BENG_Senior-Design/data/videos/raw_videos/41.MG/00000210.jpg,[]
41.MG,1,211,00000211.jpg,endotracheal_tube,endotracheal_tube,0.9935862421989441,mask,335.0352783203125,0.0,783.2686767578125,716.9971923828125,786.1378269778212,310.44266363990675,438753.0,1280,720,,/Users/nicolasgarciacallejas/Documents/GitHub/BENG_Senior-Design/data/videos/raw_videos/41.MG/00000211.jpg,[]
41.MG,1,211,00000211.jpg,esophagus,esophagus,0.8270487189292908,mask,253.953369140625,306.0102233886719,198.82391357421875,67.20260620117188,347.71152154793316,335.8375842861331,6822.0,1280,720,,/Users/nicolasgarciacallejas/Documents/GitHub/BENG_Senior-Design/data/videos/raw_videos/41.MG/00000211.jpg,[]
41.MG,1,212,00000212.jpg,endotracheal_tube,endotracheal_tube,0.9952078461647034,mask,279.06573486328125,29.311180114746094,861.9827270507812,690.6888198852539,784.2549377940011,373.41227079189827,421342.0,1280,720,,/Users/nicolasgarciacallejas/Documents/GitHub/BENG_Senior-Design/data/videos/raw_videos/41.MG/00000212.jpg,[]
41.MG,1,212,00000212.jpg,vocal_cords,vocal_cords,0.9843106269836426,mask,454.5617370605469,3.19976806640625,121.81753540039062,170.71218872070312,514.5246086495091,82.46849296895728,15076.0,1280,720,,/Users/nicolasgarciacallejas/Documents/GitHub/BENG_Senior-Design/data/videos/raw_videos/41.MG/00000212.jpg,[]
41.MG,1,213,00000213.jpg,endotracheal_tube,endotracheal_tube,0.9943999648094177,mask,277.646240234375,29.176254272460938,865.6876220703125,690.8237457275391,782.1810410032326,382.6058997249107,415138.0,1280,720,,/Users/nicolasgarciacallejas/Documents/GitHub/BENG_Senior-Design/data/videos/raw_videos/41.MG/00000213.jpg,[]
41.MG,1,213,00000213.jpg,vocal_cords,vocal_cords,0.9794115424156189,mask,451.6267395019531,2.320528030395508,126.93978881835938,170.2387523651123,514.129532334436,81.53330738794837,15417.0,1280,720,,/Users/nicolasgarciacallejas/Documents/GitHub/BENG_Senior-Design/data/videos/raw_videos/41.MG/00000213.jpg,[]
41.MG,1,214,00000214.jpg,endotracheal_tube,endotracheal_tube,0.9950662851333618,mask,291.2481994628906,6.8656158447265625,832.4932556152344,713.1343841552734,779.2644062046564,372.27010473280416,436253.0,1280,720,,/Users/nicolasgarciacallejas/Documents/GitHub/BENG_Senior-Design/data/videos/raw_videos/41.MG/00000214.jpg,[]
41.MG,1,214,00000214.jpg,vocal_cords,vocal_cords,0.985173761844635,mask,459.0115661621094,3.1307125091552734,115.33883666992188,170.19753456115723,514.4199187831234,81.18734943905292,14529.0,1280,720,,/Users/nicolasgarciacallejas/Documents/GitHub/BENG_Senior-Design/data/videos/raw_videos/41.MG/00000214.jpg,[]
41.MG,1,215,00000215.jpg,endotracheal_tube,endotracheal_tube,0.9942420125007629,mask,310.5149841308594,0.0,806.9840393066406,714.3234252929688,786.7351400697121,351.1323746380687,433784.0,1280,720,,/Users/nicolasgarciacallejas/Documents/GitHub/BENG_Senior-Design/data/videos/raw_videos/41.MG/00000215.jpg,[]
41.MG,1,215,00000215.jpg,vocal_cords,vocal_cords,0.973919153213501,mask,452.8792724609375,1.7652225494384766,118.75830078125,156.13666343688965,512.0303869470848,76.29593593293914,13361.0,1280,720,,/Users/nicolasgarciacallejas/Documents/GitHub/BENG_Senior-Design/data/videos/raw_videos/41.MG/00000215.jpg,[]
41.MG,1,216,00000216.jpg,endotracheal_tube,endotracheal_tube,0.99480801820755,mask,331.9440002441406,0.0,792.0624694824219,661.6063232421875,782.8688571751483,276.36979214828057,389316.0,1280,720,,/Users/nicolasgarciacallejas/Documents/GitHub/BENG_Senior-Design/data/videos/raw_videos/41.MG/00000216.jpg,[]
41.MG,1,217,00000217.jpg,endotracheal_tube,endotracheal_tube,0.9965733289718628,mask,318.7786560058594,0.0,816.4115295410156,698.3131103515625,777.8162788206306,287.0416326433443,420055.0,1280,720,,/Users/nicolasgarciacallejas/Documents/GitHub/BENG_Senior-Design/data/videos/raw_videos/41.MG/00000217.jpg,[]
41.MG,1,218,00000218.jpg,endotracheal_tube,endotracheal_tube,0.9969109892845154,mask,333.013427734375,0.0,796.0439453125,705.54443359375,780.5153338698947,295.16175464877716,429898.0,1280,720,,/Users/nicolasgarciacallejas/Documents/GitHub/BENG_Senior-Design/data/videos/raw_videos/41.MG/00000218.jpg,[]
41.MG,1,219,00000219.jpg,endotracheal_tube,endotracheal_tube,0.9975538849830627,mask,329.0109558105469,0.0,830.7699279785156,720.0,783.632290908107,315.01900353737693,443549.0,1280,720,,/Users/nicolasgarciacallejas/Documents/GitHub/BENG_Senior-Design/data/videos/raw_videos/41.MG/00000219.jpg,[]
41.MG,1,220,00000220.jpg,endotracheal_tube,endotracheal_tube,0.9978715181350708,mask,331.3570861816406,0.0,825.0070495605469,720.0,784.915910906389,327.8918168515008,439403.0,1280,720,,/Users/nicolasgarciacallejas/Documents/GitHub/BENG_Senior-Design/data/videos/raw_videos/41.MG/00000220.jpg,[]
41.MG,1,221,00000221.jpg,endotracheal_tube,endotracheal_tube,0.9978152513504028,mask,336.08673095703125,0.0,819.1100463867188,720.0,788.4697398900063,334.51190177306813,422206.0,1280,720,,/Users/nicolasgarciacallejas/Documents/GitHub/BENG_Senior-Design/data/videos/raw_videos/41.MG/00000221.jpg,[]
41.MG,1,221,00000221.jpg,esophagus,esophagus,0.5981842279434204,mask,219.04281616210938,305.0610046386719,228.21563720703125,67.14218139648438,337.1498982944766,334.50602409638554,6391.0,1280,720,,/Users/nicolasgarciacallejas/Documents/GitHub/BENG_Senior-Design/data/videos/raw_videos/41.MG/00000221.jpg,[]
41.MG,1,222,00000222.jpg,endotracheal_tube,endotracheal_tube,0.9977532029151917,mask,334.0920715332031,0.0,817.2629089355469,720.0,788.998003383615,334.43638473025595,423216.0,1280,720,,/Users/nicolasgarciacallejas/Documents/GitHub/BENG_Senior-Design/data/videos/raw_videos/41.MG/00000222.jpg,[]
41.MG,1,222,00000222.jpg,esophagus,esophagus,0.5185410976409912,mask,215.49990844726562,301.92364501953125,231.91934204101562,70.67413330078125,337.34807809640023,332.80536912751677,6556.0,1280,720,,/Users/nicolasgarciacallejas/Documents/GitHub/BENG_Senior-Design/data/videos/raw_videos/41.MG/00000222.jpg,[]
41.MG,1,223,00000223.jpg,endotracheal_tube,endotracheal_tube,0.9966566562652588,mask,342.9103088378906,0.0,778.2122497558594,720.0,785.4887653035065,339.199067412798,432989.0,1280,720,,/Users/nicolasgarciacallejas/Documents/GitHub/BENG_Senior-Design/data/videos/raw_videos/41.MG/00000223.jpg,[]
41.MG,1,223,00000223.jpg,esophagus,esophagus,0.7267776727676392,mask,241.83502197265625,302.95166015625,193.04168701171875,62.4530029296875,340.2464672416957,330.9320976325931,5449.0,1280,720,,/Users/nicolasgarciacallejas/Documents/GitHub/BENG_Senior-Design/data/videos/raw_videos/41.MG/00000223.jpg,[]
41.MG,1,224,00000224.jpg,endotracheal_tube,endotracheal_tube,0.9964279532432556,mask,352.23516845703125,0.0,769.5346069335938,720.0,782.5282685391646,348.43388443869475,439057.0,1280,720,,/Users/nicolasgarciacallejas/Documents/GitHub/BENG_Senior-Design/data/videos/raw_videos/41.MG/00000224.jpg,[]
41.MG,1,225,00000225.jpg,endotracheal_tube,endotracheal_tube,0.9955540299415588,mask,367.4024963378906,17.277183532714844,757.7547302246094,702.7228164672852,788.740598393122,360.9752358663775,408494.0,1280,720,,/Users/nicolasgarciacallejas/Documents/GitHub/BENG_Senior-Design/data/videos/raw_videos/41.MG/00000225.jpg,[]
41.MG,1,225,00000225.jpg,esophagus,esophagus,0.5023968815803528,mask,160.26556396484375,267.5035095214844,274.1495666503906,235.5877685546875,283.2754810192408,358.36446957878314,15384.0,1280,720,,/Users/nicolasgarciacallejas/Documents/GitHub/BENG_Senior-Design/data/videos/raw_videos/41.MG/00000225.jpg,[]
41.MG,1,226,00000226.jpg,endotracheal_tube,endotracheal_tube,0.9956913590431213,mask,397.771240234375,49.73583221435547,725.5111083984375,644.5967483520508,788.3360456168616,378.5816059684265,332684.0,1280,720,,/Users/nicolasgarciacallejas/Documents/GitHub/BENG_Senior-Design/data/videos/raw_videos/41.MG/00000226.jpg,[]
41.MG,1,226,00000226.jpg,esophagus,esophagus,0.7632003426551819,mask,308.8464050292969,298.5515441894531,143.60940551757812,61.528228759765625,376.8497277676951,327.26696914700545,5510.0,1280,720,,/Users/nicolasgarciacallejas/Documents/GitHub/BENG_Senior-Design/data/videos/raw_videos/41.MG/00000226.jpg,[]
41.MG,1,227,00000227.jpg,endotracheal_tube,endotracheal_tube,0.995139479637146,mask,365.9349060058594,18.973159790039062,747.4758605957031,649.5244598388672,755.0053868594873,388.8557566298543,303702.0,1280,720,,/Users/nicolasgarciacallejas/Documents/GitHub/BENG_Senior-Design/data/videos/raw_videos/41.MG/00000227.jpg,[]
41.MG,1,227,00000227.jpg,esophagus,esophagus,0.677982747554779,mask,162.1385955810547,258.59930419921875,267.4029083251953,253.23394775390625,286.3478527189818,357.0816715442728,14693.0,1280,720,,/Users/nicolasgarciacallejas/Documents/GitHub/BENG_Senior-Design/data/videos/raw_videos/41.MG/00000227.jpg,[]
41.MG,1,228,00000228.jpg,endotracheal_tube,endotracheal_tube,0.9943909049034119,mask,370.1025390625,12.326011657714844,798.9268798828125,671.4746475219727,765.418850291438,379.61209307716473,327857.0,1280,720,,/Users/nicolasgarciacallejas/Documents/GitHub/BENG_Senior-Design/data/videos/raw_videos/41.MG/00000228.jpg,[]
41.MG,1,229,00000229.jpg,endotracheal_tube,endotracheal_tube,0.9928795695304871,mask,332.9029846191406,40.824928283691406,794.7587585449219,650.6021957397461,767.3315163752592,381.7079315350881,331323.0,1280,720,,/Users/nicolasgarciacallejas/Documents/GitHub/BENG_Senior-Design/data/videos/raw_videos/41.MG/00000229.jpg,[]
41.MG,1,230,00000230.jpg,endotracheal_tube,endotracheal_tube,0.9949136972427368,mask,341.5562744140625,29.70478057861328,825.8707275390625,657.9843063354492,769.2046124729083,380.60437131780577,327590.0,1280,720,,/Users/nicolasgarciacallejas/Documents/GitHub/BENG_Senior-Design/data/videos/raw_videos/41.MG/00000230.jpg,[]
41.MG,1,231,00000231.jpg,endotracheal_tube,endotracheal_tube,0.9949390888214111,mask,339.0224914550781,24.591102600097656,811.2653503417969,661.8639755249023,773.1654640835387,379.5420078286613,322916.0,1280,720,,/Users/nicolasgarciacallejas/Documents/GitHub/BENG_Senior-Design/data/videos/raw_videos/41.MG/00000231.jpg,[]
41.MG,1,232,00000232.jpg,endotracheal_tube,endotracheal_tube,0.995044469833374,mask,345.2848815917969,35.901947021484375,788.7281799316406,656.4936828613281,778.33271115832,377.40720024313947,325739.0,1280,720,,/Users/nicolasgarciacallejas/Documents/GitHub/BENG_Senior-Design/data/videos/raw_videos/41.MG/00000232.jpg,[]
41.MG,1,233,00000233.jpg,endotracheal_tube,endotracheal_tube,0.9940388202667236,mask,355.2033996582031,47.76142120361328,779.3261413574219,654.9631881713867,776.9817933868743,374.8340887283139,324113.0,1280,720,,/Users/nicolasgarciacallejas/Documents/GitHub/BENG_Senior-Design/data/videos/raw_videos/41.MG/00000233.jpg,[]
41.MG,1,234,00000234.jpg,endotracheal_tube,endotracheal_tube,0.9941331744194031,mask,358.36309814453125,42.812232971191406,803.3197631835938,634.2251205444336,775.3626828015518,372.83978394932114,309557.0,1280,720,,/Users/nicolasgarciacallejas/Documents/GitHub/BENG_Senior-Design/data/videos/raw_videos/41.MG/00000234.jpg,[]
41.MG,1,235,00000235.jpg,endotracheal_tube,endotracheal_tube,0.9958457350730896,mask,350.0452880859375,34.05984878540039,811.9088134765625,620.5456199645996,774.1887678430979,363.15577421892,298785.0,1280,720,,/Users/nicolasgarciacallejas/Documents/GitHub/BENG_Senior-Design/data/videos/raw_videos/41.MG/00000235.jpg,[]
41.MG,1,236,00000236.jpg,endotracheal_tube,endotracheal_tube,0.995884120464325,mask,355.8017272949219,13.765983581542969,804.1076965332031,626.5193557739258,775.8762783847656,353.88670411343634,291970.0,1280,720,,/Users/nicolasgarciacallejas/Documents/GitHub/BENG_Senior-Design/data/videos/raw_videos/41.MG/00000236.jpg,[]
41.MG,1,236,00000236.jpg,vocal_cords,vocal_cords,0.5816923379898071,mask,445.129150390625,2.1153831481933594,131.72259521484375,89.8867073059082,516.6458810942993,39.51108054409293,6543.0,1280,720,,/Users/nicolasgarciacallejas/Documents/GitHub/BENG_Senior-Design/data/videos/raw_videos/41.MG/00000236.jpg,[]
41.MG,1,237,00000237.jpg,endotracheal_tube,endotracheal_tube,0.9960246086120605,mask,375.27520751953125,28.29059600830078,756.6430053710938,579.0418014526367,780.5245264832389,335.6277236046339,275967.0,1280,720,,/Users/nicolasgarciacallejas/Documents/GitHub/BENG_Senior-Design/data/videos/raw_videos/41.MG/00000237.jpg,[]
41.MG,1,238,00000238.jpg,endotracheal_tube,endotracheal_tube,0.9949361085891724,mask,370.102294921875,19.384422302246094,759.5130615234375,557.1606216430664,780.361623643679,318.9912355071655,268926.0,1280,720,,/Users/nicolasgarciacallejas/Documents/GitHub/BENG_Senior-Design/data/videos/raw_videos/41.MG/00000238.jpg,[]
41.MG,1,239,00000239.jpg,endotracheal_tube,endotracheal_tube,0.9936593174934387,mask,370.27764892578125,19.004802703857422,762.0798950195312,528.2036933898926,783.1592604741998,295.8717692472003,262168.0,1280,720,,/Users/nicolasgarciacallejas/Documents/GitHub/BENG_Senior-Design/data/videos/raw_videos/41.MG/00000239.jpg,[]
41.MG,1,240,00000240.jpg,endotracheal_tube,endotracheal_tube,0.99623042345047,mask,359.4765930175781,0.0,756.0773620605469,472.0414733886719,779.7390530292179,247.806067030372,244337.0,1280,720,,/Users/nicolasgarciacallejas/Documents/GitHub/BENG_Senior-Design/data/videos/raw_videos/41.MG/00000240.jpg,[]
41.MG,1,240,00000240.jpg,esophagus,esophagus,0.6680015921592712,mask,245.94012451171875,309.1658935546875,230.33599853515625,65.1090087890625,353.88802839625686,337.4922555663117,6198.0,1280,720,,/Users/nicolasgarciacallejas/Documents/GitHub/BENG_Senior-Design/data/videos/raw_videos/41.MG/00000240.jpg,[]
41.MG,1,241,00000241.jpg,endotracheal_tube,endotracheal_tube,0.998103141784668,mask,367.6579284667969,0.0,765.6147766113281,429.6646728515625,784.4817348803812,211.9844642449166,245112.0,1280,720,,/Users/nicolasgarciacallejas/Documents/GitHub/BENG_Senior-Design/data/videos/raw_videos/41.MG/00000241.jpg,[]
41.MG,1,241,00000241.jpg,esophagus,esophagus,0.9302225112915039,mask,292.151611328125,306.9117736816406,211.46234130859375,59.875640869140625,378.62477410875636,335.1807129949072,6087.0,1280,720,,/Users/nicolasgarciacallejas/Documents/GitHub/BENG_Senior-Design/data/videos/raw_videos/41.MG/00000241.jpg,[]
41.MG,1,242,00000242.jpg,endotracheal_tube,endotracheal_tube,0.9974756836891174,mask,363.1152648925781,0.0,785.1737976074219,426.8009033203125,784.1323179026341,211.2984129601385,242590.0,1280,720,,/Users/nicolasgarciacallejas/Documents/GitHub/BENG_Senior-Design/data/videos/raw_videos/41.MG/00000242.jpg,[]
41.MG,1,242,00000242.jpg,esophagus,esophagus,0.9124158620834351,mask,294.66094970703125,308.5931091308594,217.99652099609375,53.74786376953125,384.50674581759307,333.6745817593092,5559.0,1280,720,,/Users/nicolasgarciacallejas/Documents/GitHub/BENG_Senior-Design/data/videos/raw_videos/41.MG/00000242.jpg,[]
41.MG,1,243,00000243.jpg,endotracheal_tube,endotracheal_tube,0.9978759288787842,mask,362.8603515625,0.0,787.7779541015625,430.7861328125,781.4175202078877,210.47279273213925,243593.0,1280,720,,/Users/nicolasgarciacallejas/Documents/GitHub/BENG_Senior-Design/data/videos/raw_videos/41.MG/00000243.jpg,[]
41.MG,1,243,00000243.jpg,esophagus,esophagus,0.8957811594009399,mask,284.8106689453125,308.2006530761719,227.604736328125,53.865875244140625,376.76492042440316,333.40600132625997,6032.0,1280,720,,/Users/nicolasgarciacallejas/Documents/GitHub/BENG_Senior-Design/data/videos/raw_videos/41.MG/00000243.jpg,[]
41.MG,1,244,00000244.jpg,endotracheal_tube,endotracheal_tube,0.9984637498855591,mask,364.00445556640625,0.0,778.3461303710938,423.7362060546875,785.3872674642214,208.0258982611688,247005.0,1280,720,,/Users/nicolasgarciacallejas/Documents/GitHub/BENG_Senior-Design/data/videos/raw_videos/41.MG/00000244.jpg,[]
41.MG,1,244,00000244.jpg,esophagus,esophagus,0.9005873203277588,mask,286.2376708984375,306.062255859375,229.85687255859375,54.825042724609375,379.01231367465977,332.1046662346079,6172.0,1280,720,,/Users/nicolasgarciacallejas/Documents/GitHub/BENG_Senior-Design/data/videos/raw_videos/41.MG/00000244.jpg,[]
41.MG,1,245,00000245.jpg,endotracheal_tube,endotracheal_tube,0.9971254467964172,mask,364.025634765625,0.0,774.2003173828125,440.6448974609375,789.6763538041907,216.2088534182096,252603.0,1280,720,,/Users/nicolasgarciacallejas/Documents/GitHub/BENG_Senior-Design/data/videos/raw_videos/41.MG/00000245.jpg,[]
41.MG,1,245,00000245.jpg,esophagus,esophagus,0.8029226064682007,mask,307.3328857421875,309.0826110839844,179.88394165039062,50.451263427734375,379.36299313893653,331.3507718696398,4664.0,1280,720,,/Users/nicolasgarciacallejas/Documents/GitHub/BENG_Senior-Design/data/videos/raw_videos/41.MG/00000245.jpg,[]
41.MG,1,246,00000246.jpg,endotracheal_tube,endotracheal_tube,0.9960926175117493,mask,376.0069580078125,0.0,760.3326416015625,464.0171813964844,793.6711454141861,228.54324226808166,254982.0,1280,720,,/Users/nicolasgarciacallejas/Documents/GitHub/BENG_Senior-Design/data/videos/raw_videos/41.MG/00000246.jpg,[]
41.MG,1,246,00000246.jpg,esophagus,esophagus,0.5594557523727417,mask,308.36468505859375,308.1561279296875,176.37615966796875,49.06402587890625,378.0924976700839,330.36416589002795,4292.0,1280,720,,/Users/nicolasgarciacallejas/Documents/GitHub/BENG_Senior-Design/data/videos/raw_videos/41.MG/00000246.jpg,[]
41.MG,1,247,00000247.jpg,endotracheal_tube,endotracheal_tube,0.9952746629714966,mask,372.11175537109375,10.165386199951172,767.5222778320312,509.9624824523926,792.8859206512989,256.52415346645046,264579.0,1280,720,,/Users/nicolasgarciacallejas/Documents/GitHub/BENG_Senior-Design/data/videos/raw_videos/41.MG/00000247.jpg,[]
41.MG,1,248,00000248.jpg,endotracheal_tube,endotracheal_tube,0.9939404726028442,mask,366.98406982421875,46.411190032958984,764.4177856445312,524.1148109436035,789.0580157206837,289.7248423361667,262584.0,1280,720,,/Users/nicolasgarciacallejas/Documents/GitHub/BENG_Senior-Design/data/videos/raw_videos/41.MG/00000248.jpg,[]
41.MG,1,249,00000249.jpg,endotracheal_tube,endotracheal_tube,0.9962003827095032,mask,389.2911376953125,11.0491943359375,742.617919921875,551.3964233398438,782.5979349651069,300.76072017330455,262659.0,1280,720,,/Users/nicolasgarciacallejas/Documents/GitHub/BENG_Senior-Design/data/videos/raw_videos/41.MG/00000249.jpg,[]
41.MG,1,250,00000250.jpg,endotracheal_tube,endotracheal_tube,0.9965770840644836,mask,385.125732421875,14.860382080078125,763.4617919921875,546.7640075683594,775.2441287584124,306.8995575874353,250671.0,1280,720,,/Users/nicolasgarciacallejas/Documents/GitHub/BENG_Senior-Design/data/videos/raw_videos/41.MG/00000250.jpg,[]
41.MG,1,250,00000250.jpg,esophagus,esophagus,0.5705993175506592,mask,293.75262451171875,306.324951171875,121.81869506835938,59.17327880859375,349.4388826815642,333.10122905027936,4475.0,1280,720,,/Users/nicolasgarciacallejas/Documents/GitHub/BENG_Senior-Design/data/videos/raw_videos/41.MG/00000250.jpg,[]
41.MG,1,251,00000251.jpg,endotracheal_tube,endotracheal_tube,0.9949579834938049,mask,401.5765075683594,31.458301544189453,737.0720520019531,500.5736198425293,781.3519888446081,302.8867399125431,237374.0,1280,720,,/Users/nicolasgarciacallejas/Documents/GitHub/BENG_Senior-Design/data/videos/raw_videos/41.MG/00000251.jpg,[]
41.MG,1,252,00000252.jpg,endotracheal_tube,endotracheal_tube,0.9948920011520386,mask,394.3544921875,20.051250457763672,736.6448974609375,498.1476631164551,782.5704391986884,294.7073724645392,231171.0,1280,720,,/Users/nicolasgarciacallejas/Documents/GitHub/BENG_Senior-Design/data/videos/raw_videos/41.MG/00000252.jpg,[]
41.MG,1,252,00000252.jpg,esophagus,esophagus,0.874091386795044,mask,298.5714416503906,308.14300537109375,164.34884643554688,54.9808349609375,366.92333333333335,332.90235294117645,5100.0,1280,720,,/Users/nicolasgarciacallejas/Documents/GitHub/BENG_Senior-Design/data/videos/raw_videos/41.MG/00000252.jpg,[]
41.MG,1,253,00000253.jpg,endotracheal_tube,endotracheal_tube,0.9950150847434998,mask,404.11944580078125,14.199275970458984,713.9198608398438,480.2884864807129,780.2154788901411,279.6454374141621,219163.0,1280,720,,/Users/nicolasgarciacallejas/Documents/GitHub/BENG_Senior-Design/data/videos/raw_videos/41.MG/00000253.jpg,[]
41.MG,1,253,00000253.jpg,esophagus,esophagus,0.907839834690094,mask,268.9598388671875,298.48583984375,227.3763427734375,68.7470703125,365.8751518423539,331.33594277230395,7409.0,1280,720,,/Users/nicolasgarciacallejas/Documents/GitHub/BENG_Senior-Design/data/videos/raw_videos/41.MG/00000253.jpg,[]
41.MG,1,254,00000254.jpg,endotracheal_tube,endotracheal_tube,0.9953978657722473,mask,405.6677551269531,5.693931579589844,736.6375427246094,468.8766860961914,794.8026184639423,263.6668372798865,222726.0,1280,720,,/Users/nicolasgarciacallejas/Documents/GitHub/BENG_Senior-Design/data/videos/raw_videos/41.MG/00000254.jpg,[]
41.MG,1,254,00000254.jpg,esophagus,esophagus,0.883633553981781,mask,267.6287841796875,302.2293701171875,230.8441162109375,61.67938232421875,364.71155823175206,332.4852401233661,6809.0,1280,720,,/Users/nicolasgarciacallejas/Documents/GitHub/BENG_Senior-Design/data/videos/raw_videos/41.MG/00000254.jpg,[]
41.MG,1,255,00000255.jpg,endotracheal_tube,endotracheal_tube,0.996059775352478,mask,407.9219970703125,7.774372100830078,726.4678955078125,459.2494926452637,810.0469392748812,249.28328385634282,216599.0,1280,720,,/Users/nicolasgarciacallejas/Documents/GitHub/BENG_Senior-Design/data/videos/raw_videos/41.MG/00000255.jpg,[]
41.MG,1,255,00000255.jpg,esophagus,esophagus,0.9270609021186829,mask,303.44708251953125,308.9384765625,207.70614624023438,51.3631591796875,384.296711509716,332.0138266068759,5352.0,1280,720,,/Users/nicolasgarciacallejas/Documents/GitHub/BENG_Senior-Design/data/videos/raw_videos/41.MG/00000255.jpg,[]
41.MG,1,256,00000256.jpg,endotracheal_tube,endotracheal_tube,0.9955652356147766,mask,416.33758544921875,0.0,717.5012817382812,443.79058837890625,804.0813795047691,226.24578771789692,212830.0,1280,720,,/Users/nicolasgarciacallejas/Documents/GitHub/BENG_Senior-Design/data/videos/raw_videos/41.MG/00000256.jpg,[]
41.MG,1,256,00000256.jpg,esophagus,esophagus,0.9205321669578552,mask,296.7288513183594,304.1988525390625,251.94387817382812,61.0469970703125,386.1906812240504,331.7676457019837,6503.0,1280,720,,/Users/nicolasgarciacallejas/Documents/GitHub/BENG_Senior-Design/data/videos/raw_videos/41.MG/00000256.jpg,[]
41.MG,1,257,00000257.jpg,endotracheal_tube,endotracheal_tube,0.9969045519828796,mask,405.1837463378906,0.0,721.6805114746094,419.0296936035156,805.8744633501785,210.49034262135473,215690.0,1280,720,,/Users/nicolasgarciacallejas/Documents/GitHub/BENG_Senior-Design/data/videos/raw_videos/41.MG/00000257.jpg,[]
41.MG,1,257,00000257.jpg,esophagus,esophagus,0.9277849793434143,mask,297.0886535644531,304.5679016113281,261.6759338378906,61.673309326171875,389.8093815357036,331.4287421571557,6694.0,1280,720,,/Users/nicolasgarciacallejas/Documents/GitHub/BENG_Senior-Design/data/videos/raw_videos/41.MG/00000257.jpg,[]
41.MG,1,258,00000258.jpg,endotracheal_tube,endotracheal_tube,0.9968090653419495,mask,394.27374267578125,0.0,731.5768432617188,401.64111328125,809.4159680300096,201.42905008977422,212199.0,1280,720,,/Users/nicolasgarciacallejas/Documents/GitHub/BENG_Senior-Design/data/videos/raw_videos/41.MG/00000258.jpg,[]
41.MG,1,258,00000258.jpg,esophagus,esophagus,0.9460769295692444,mask,299.8450622558594,306.2157897949219,279.1362609863281,58.3514404296875,400.4379497723601,331.35908356586873,6809.0,1280,720,,/Users/nicolasgarciacallejas/Documents/GitHub/BENG_Senior-Design/data/videos/raw_videos/41.MG/00000258.jpg,[]
41.MG,1,259,00000259.jpg,endotracheal_tube,endotracheal_tube,0.9972919821739197,mask,399.8878479003906,0.0,722.8694763183594,389.8744201660156,807.3768853413955,193.74400277295027,207721.0,1280,720,,/Users/nicolasgarciacallejas/Documents/GitHub/BENG_Senior-Design/data/videos/raw_videos/41.MG/00000259.jpg,[]
41.MG,1,259,00000259.jpg,esophagus,esophagus,0.9418444037437439,mask,307.0997619628906,306.0009765625,274.8752136230469,59.3536376953125,406.6180119690556,331.16012260983797,6851.0,1280,720,,/Users/nicolasgarciacallejas/Documents/GitHub/BENG_Senior-Design/data/videos/raw_videos/41.MG/00000259.jpg,[]
41.MG,1,260,00000260.jpg,endotracheal_tube,endotracheal_tube,0.9968793392181396,mask,393.73876953125,0.0,724.815673828125,372.9236145019531,804.0331519538618,185.8349759532298,202522.0,1280,720,,/Users/nicolasgarciacallejas/Documents/GitHub/BENG_Senior-Design/data/videos/raw_videos/41.MG/00000260.jpg,[]
41.MG,1,260,00000260.jpg,esophagus,esophagus,0.9392129778862,mask,309.726318359375,307.2457580566406,276.0570068359375,57.57843017578125,412.60165914714014,331.6636588560617,6871.0,1280,720,,/Users/nicolasgarciacallejas/Documents/GitHub/BENG_Senior-Design/data/videos/raw_videos/41.MG/00000260.jpg,[]
41.MG,1,261,00000261.jpg,endotracheal_tube,endotracheal_tube,0.9976770281791687,mask,401.74212646484375,0.0,726.0509643554688,362.5126647949219,805.0747611409442,176.76021938170624,200746.0,1280,720,,/Users/nicolasgarciacallejas/Documents/GitHub/BENG_Senior-Design/data/videos/raw_videos/41.MG/00000261.jpg,[]
41.MG,1,261,00000261.jpg,esophagus,esophagus,0.9511280655860901,mask,308.6576843261719,303.51214599609375,274.5838928222656,61.661346435546875,415.00041413583654,329.65198785201545,7244.0,1280,720,,/Users/nicolasgarciacallejas/Documents/GitHub/BENG_Senior-Design/data/videos/raw_videos/41.MG/00000261.jpg,[]
41.MG,1,262,00000262.jpg,endotracheal_tube,endotracheal_tube,0.9977172613143921,mask,403.8848571777344,0.0,724.8492736816406,347.62506103515625,803.8783450010994,169.04796142222312,195553.0,1280,720,,/Users/nicolasgarciacallejas/Documents/GitHub/BENG_Senior-Design/data/videos/raw_videos/41.MG/00000262.jpg,[]
41.MG,1,262,00000262.jpg,esophagus,esophagus,0.9560373425483704,mask,307.60919189453125,303.04888916015625,283.4046630859375,62.331787109375,419.91764705882355,328.9808981657179,7905.0,1280,720,,/Users/nicolasgarciacallejas/Documents/GitHub/BENG_Senior-Design/data/videos/raw_videos/41.MG/00000262.jpg,[]
41.MG,1,263,00000263.jpg,endotracheal_tube,endotracheal_tube,0.9977021813392639,mask,408.1596374511719,0.0,721.4986877441406,343.56402587890625,804.883421013232,165.3304852424147,193697.0,1280,720,,/Users/nicolasgarciacallejas/Documents/GitHub/BENG_Senior-Design/data/videos/raw_videos/41.MG/00000263.jpg,[]
41.MG,1,263,00000263.jpg,esophagus,esophagus,0.959519624710083,mask,303.81402587890625,302.04241943359375,295.26123046875,62.8868408203125,422.98360458107294,328.1154912597951,8295.0,1280,720,,/Users/nicolasgarciacallejas/Documents/GitHub/BENG_Senior-Design/data/videos/raw_videos/41.MG/00000263.jpg,[]
41.MG,1,264,00000264.jpg,endotracheal_tube,endotracheal_tube,0.9972686767578125,mask,409.9634094238281,0.0,721.5476989746094,335.8128356933594,803.8762035121557,163.2245985700435,192873.0,1280,720,,/Users/nicolasgarciacallejas/Documents/GitHub/BENG_Senior-Design/data/videos/raw_videos/41.MG/00000264.jpg,[]
41.MG,1,264,00000264.jpg,esophagus,esophagus,0.9651385545730591,mask,303.3438415527344,299.85919189453125,303.5880432128906,65.19769287109375,428.66076421248835,326.68115097856474,8584.0,1280,720,,/Users/nicolasgarciacallejas/Documents/GitHub/BENG_Senior-Design/data/videos/raw_videos/41.MG/00000264.jpg,[]
41.MG,1,265,00000265.jpg,endotracheal_tube,endotracheal_tube,0.9973969459533691,mask,404.89129638671875,0.0,724.4180297851562,334.0812683105469,802.6977774786575,161.57505992472522,193159.0,1280,720,,/Users/nicolasgarciacallejas/Documents/GitHub/BENG_Senior-Design/data/videos/raw_videos/41.MG/00000265.jpg,[]
41.MG,1,265,00000265.jpg,esophagus,esophagus,0.963860273361206,mask,307.63751220703125,298.655029296875,296.178955078125,65.65420532226562,428.4667736021998,325.94718148487624,8728.0,1280,720,,/Users/nicolasgarciacallejas/Documents/GitHub/BENG_Senior-Design/data/videos/raw_videos/41.MG/00000265.jpg,[]
41.MG,1,266,00000266.jpg,endotracheal_tube,endotracheal_tube,0.9979982972145081,mask,401.1973571777344,0.0,766.9239807128906,335.5569152832031,798.6614124105806,160.81596760106473,192352.0,1280,720,,/Users/nicolasgarciacallejas/Documents/GitHub/BENG_Senior-Design/data/videos/raw_videos/41.MG/00000266.jpg,[]
41.MG,1,266,00000266.jpg,esophagus,esophagus,0.960048258304596,mask,303.85272216796875,297.6778259277344,298.43817138671875,66.12371826171875,427.62893081761007,325.2002470799641,8904.0,1280,720,,/Users/nicolasgarciacallejas/Documents/GitHub/BENG_Senior-Design/data/videos/raw_videos/41.MG/00000266.jpg,[]
41.MG,1,267,00000267.jpg,endotracheal_tube,endotracheal_tube,0.9975761771202087,mask,430.2236633300781,0.0,687.8501892089844,330.2386474609375,799.1118627482264,160.11178829360648,188034.0,1280,720,,/Users/nicolasgarciacallejas/Documents/GitHub/BENG_Senior-Design/data/videos/raw_videos/41.MG/00000267.jpg,[]
41.MG,1,267,00000267.jpg,esophagus,esophagus,0.9685800075531006,mask,302.3425598144531,297.7278137207031,297.2440490722656,64.92105102539062,427.76875,323.89363636363635,8800.0,1280,720,,/Users/nicolasgarciacallejas/Documents/GitHub/BENG_Senior-Design/data/videos/raw_videos/41.MG/00000267.jpg,[]
41.MG,1,268,00000268.jpg,endotracheal_tube,endotracheal_tube,0.9974537491798401,mask,405.9627990722656,0.0,727.8086853027344,330.7771301269531,802.6003404880674,159.42326599465983,193252.0,1280,720,,/Users/nicolasgarciacallejas/Documents/GitHub/BENG_Senior-Design/data/videos/raw_videos/41.MG/00000268.jpg,[]
41.MG,1,268,00000268.jpg,esophagus,esophagus,0.9652485251426697,mask,308.8614196777344,298.44622802734375,291.9291076660156,63.8116455078125,431.1415417306103,324.82363357336794,8471.0,1280,720,,/Users/nicolasgarciacallejas/Documents/GitHub/BENG_Senior-Design/data/videos/raw_videos/41.MG/00000268.jpg,[]
41.MG,1,269,00000269.jpg,endotracheal_tube,endotracheal_tube,0.9976140260696411,mask,406.7109680175781,0.0,728.2134704589844,330.5733642578125,802.2281445932348,158.9556467218825,193785.0,1280,720,,/Users/nicolasgarciacallejas/Documents/GitHub/BENG_Senior-Design/data/videos/raw_videos/41.MG/00000269.jpg,[]
41.MG,1,269,00000269.jpg,esophagus,esophagus,0.9666065573692322,mask,309.82275390625,298.9627990722656,293.763671875,64.0391845703125,432.7716836734694,325.0068413729128,8624.0,1280,720,,/Users/nicolasgarciacallejas/Documents/GitHub/BENG_Senior-Design/data/videos/raw_videos/41.MG/00000269.jpg,[]
41.MG,1,270,00000270.jpg,endotracheal_tube,endotracheal_tube,0.9975320100784302,mask,412.5500793457031,0.0,721.1950378417969,331.40875244140625,803.0794117192212,160.12875987813743,193989.0,1280,720,,/Users/nicolasgarciacallejas/Documents/GitHub/BENG_Senior-Design/data/videos/raw_videos/41.MG/00000270.jpg,[]
41.MG,1,270,00000270.jpg,esophagus,esophagus,0.961630642414093,mask,306.59234619140625,299.1174621582031,297.9276123046875,64.4495849609375,430.2663620788121,325.43894917190175,8755.0,1280,720,,/Users/nicolasgarciacallejas/Documents/GitHub/BENG_Senior-Design/data/videos/raw_videos/41.MG/00000270.jpg,[]
41.MG,1,271,00000271.jpg,endotracheal_tube,endotracheal_tube,0.9975797533988953,mask,402.0614318847656,0.0,731.6717224121094,332.13720703125,800.7982497937769,159.4595520988641,195177.0,1280,720,,/Users/nicolasgarciacallejas/Documents/GitHub/BENG_Senior-Design/data/videos/raw_videos/41.MG/00000271.jpg,[]
41.MG,1,271,00000271.jpg,esophagus,esophagus,0.96523118019104,mask,302.4976806640625,297.26104736328125,293.21282958984375,65.61294555664062,426.5822713431826,323.92714559603024,8867.0,1280,720,,/Users/nicolasgarciacallejas/Documents/GitHub/BENG_Senior-Design/data/videos/raw_videos/41.MG/00000271.jpg,[]
41.MG,1,272,00000272.jpg,endotracheal_tube,endotracheal_tube,0.9973458647727966,mask,406.57049560546875,0.0,727.8434448242188,331.3517761230469,802.340394083596,158.3589755474528,194172.0,1280,720,,/Users/nicolasgarciacallejas/Documents/GitHub/BENG_Senior-Design/data/videos/raw_videos/41.MG/00000272.jpg,[]
41.MG,1,272,00000272.jpg,esophagus,esophagus,0.9623891115188599,mask,301.38818359375,294.9230651855469,282.05853271484375,67.17330932617188,419.87956415903557,322.4794250608555,8627.0,1280,720,,/Users/nicolasgarciacallejas/Documents/GitHub/BENG_Senior-Design/data/videos/raw_videos/41.MG/00000272.jpg,[]
41.MG,1,273,00000273.jpg,endotracheal_tube,endotracheal_tube,0.9970036149024963,mask,404.1161804199219,0.0,731.7076721191406,328.99169921875,801.4913100741162,157.5391576065904,193615.0,1280,720,,/Users/nicolasgarciacallejas/Documents/GitHub/BENG_Senior-Design/data/videos/raw_videos/41.MG/00000273.jpg,[]
41.MG,1,273,00000273.jpg,esophagus,esophagus,0.9628799557685852,mask,297.1856384277344,296.5700988769531,290.6101379394531,65.64352416992188,423.62180006950075,323.07888335456965,8633.0,1280,720,,/Users/nicolasgarciacallejas/Documents/GitHub/BENG_Senior-Design/data/videos/raw_videos/41.MG/00000273.jpg,[]
41.MG,1,274,00000274.jpg,endotracheal_tube,endotracheal_tube,0.9975910186767578,mask,405.8937072753906,0.0,731.4021911621094,329.4784240722656,802.4715198337585,157.73356102378406,194416.0,1280,720,,/Users/nicolasgarciacallejas/Documents/GitHub/BENG_Senior-Design/data/videos/raw_videos/41.MG/00000274.jpg,[]
41.MG,1,274,00000274.jpg,esophagus,esophagus,0.9632936716079712,mask,297.89544677734375,297.7939147949219,295.52197265625,63.797760009765625,424.52448377581123,323.458407079646,8475.0,1280,720,,/Users/nicolasgarciacallejas/Documents/GitHub/BENG_Senior-Design/data/videos/raw_videos/41.MG/00000274.jpg,[]
41.MG,1,275,00000275.jpg,endotracheal_tube,endotracheal_tube,0.9976444840431213,mask,407.0940856933594,0.0,728.8056945800781,330.83843994140625,802.5370052522254,158.0600372140011,194013.0,1280,720,,/Users/nicolasgarciacallejas/Documents/GitHub/BENG_Senior-Design/data/videos/raw_videos/41.MG/00000275.jpg,[]
41.MG,1,275,00000275.jpg,esophagus,esophagus,0.9642001986503601,mask,303.7196044921875,296.4287109375,289.870849609375,65.8544921875,425.7121369894713,323.33055651972694,8643.0,1280,720,,/Users/nicolasgarciacallejas/Documents/GitHub/BENG_Senior-Design/data/videos/raw_videos/41.MG/00000275.jpg,[]
41.MG,1,276,00000276.jpg,endotracheal_tube,endotracheal_tube,0.9976035952568054,mask,404.8240966796875,0.0,736.4361572265625,333.4022521972656,802.1525952088452,158.52149365274366,195360.0,1280,720,,/Users/nicolasgarciacallejas/Documents/GitHub/BENG_Senior-Design/data/videos/raw_videos/41.MG/00000276.jpg,[]
41.MG,1,276,00000276.jpg,esophagus,esophagus,0.96855229139328,mask,307.7969055175781,297.6905517578125,287.6246643066406,63.83575439453125,428.59959591157593,323.7278345614452,8414.0,1280,720,,/Users/nicolasgarciacallejas/Documents/GitHub/BENG_Senior-Design/data/videos/raw_videos/41.MG/00000276.jpg,[]
41.MG,1,277,00000277.jpg,endotracheal_tube,endotracheal_tube,0.9978431463241577,mask,403.2693176269531,0.0,740.1183776855469,331.2504577636719,799.247159355259,157.86355083177386,193442.0,1280,720,,/Users/nicolasgarciacallejas/Documents/GitHub/BENG_Senior-Design/data/videos/raw_videos/41.MG/00000277.jpg,[]
41.MG,1,277,00000277.jpg,esophagus,esophagus,0.9686359167098999,mask,309.4964599609375,298.0908508300781,293.4783935546875,64.06466674804688,431.9402404121351,324.1772180881511,8735.0,1280,720,,/Users/nicolasgarciacallejas/Documents/GitHub/BENG_Senior-Design/data/videos/raw_videos/41.MG/00000277.jpg,[]
41.MG,1,278,00000278.jpg,endotracheal_tube,endotracheal_tube,0.9977951049804688,mask,412.19964599609375,0.0,721.8737182617188,330.0567321777344,804.2370670735531,157.1356102251113,191372.0,1280,720,,/Users/nicolasgarciacallejas/Documents/GitHub/BENG_Senior-Design/data/videos/raw_videos/41.MG/00000278.jpg,[]
41.MG,1,278,00000278.jpg,esophagus,esophagus,0.9664309620857239,mask,308.0516052246094,296.3403625488281,293.6435852050781,66.71060180664062,430.8338765876138,324.0224794874677,8897.0,1280,720,,/Users/nicolasgarciacallejas/Documents/GitHub/BENG_Senior-Design/data/videos/raw_videos/41.MG/00000278.jpg,[]
41.MG,1,279,00000279.jpg,endotracheal_tube,endotracheal_tube,0.9972661733627319,mask,407.54443359375,0.0,733.4552001953125,329.7064514160156,802.426171552436,156.96933835672996,193760.0,1280,720,,/Users/nicolasgarciacallejas/Documents/GitHub/BENG_Senior-Design/data/videos/raw_videos/41.MG/00000279.jpg,[]
41.MG,1,279,00000279.jpg,esophagus,esophagus,0.9672250151634216,mask,305.04791259765625,298.7271728515625,298.71978759765625,64.17767333984375,431.0344044510049,325.3003292835245,8807.0,1280,720,,/Users/nicolasgarciacallejas/Documents/GitHub/BENG_Senior-Design/data/videos/raw_videos/41.MG/00000279.jpg,[]
41.MG,1,280,00000280.jpg,endotracheal_tube,endotracheal_tube,0.9973108768463135,mask,410.99908447265625,0.0,728.5789184570312,331.580810546875,803.4336263895952,158.29343685450638,192682.0,1280,720,,/Users/nicolasgarciacallejas/Documents/GitHub/BENG_Senior-Design/data/videos/raw_videos/41.MG/00000280.jpg,[]
41.MG,1,280,00000280.jpg,esophagus,esophagus,0.959904670715332,mask,294.0481262207031,297.7665100097656,305.0223083496094,65.4276123046875,424.76090651558076,324.8262889518414,8825.0,1280,720,,/Users/nicolasgarciacallejas/Documents/GitHub/BENG_Senior-Design/data/videos/raw_videos/41.MG/00000280.jpg,[]
41.MG,1,281,00000281.jpg,endotracheal_tube,endotracheal_tube,0.997138261795044,mask,412.3238830566406,0.0,728.1386413574219,335.105712890625,805.3763958073889,159.33622353673724,192720.0,1280,720,,/Users/nicolasgarciacallejas/Documents/GitHub/BENG_Senior-Design/data/videos/raw_videos/41.MG/00000281.jpg,[]
41.MG,1,281,00000281.jpg,esophagus,esophagus,0.9670649766921997,mask,295.6838684082031,298.4090881347656,303.5694885253906,64.5318603515625,423.76598407281,325.66905574516494,8790.0,1280,720,,/Users/nicolasgarciacallejas/Documents/GitHub/BENG_Senior-Design/data/videos/raw_videos/41.MG/00000281.jpg,[]
41.MG,1,282,00000282.jpg,endotracheal_tube,endotracheal_tube,0.9964894652366638,mask,415.58612060546875,0.0,718.6412963867188,335.93988037109375,804.2582995441742,160.2164884102747,190643.0,1280,720,,/Users/nicolasgarciacallejas/Documents/GitHub/BENG_Senior-Design/data/videos/raw_videos/41.MG/00000282.jpg,[]
41.MG,1,282,00000282.jpg,esophagus,esophagus,0.9672224521636963,mask,305.0415344238281,300.0577392578125,296.9759826660156,64.6749267578125,426.4260766961652,327.21994100294984,8475.0,1280,720,,/Users/nicolasgarciacallejas/Documents/GitHub/BENG_Senior-Design/data/videos/raw_videos/41.MG/00000282.jpg,[]
41.MG,1,283,00000283.jpg,endotracheal_tube,endotracheal_tube,0.9964771866798401,mask,415.9426574707031,0.0,712.3799743652344,334.0094299316406,802.0218668681273,159.63550847813312,190608.0,1280,720,,/Users/nicolasgarciacallejas/Documents/GitHub/BENG_Senior-Design/data/videos/raw_videos/41.MG/00000283.jpg,[]
41.MG,1,283,00000283.jpg,esophagus,esophagus,0.9543551206588745,mask,305.34027099609375,302.63751220703125,300.26873779296875,62.26007080078125,426.4038555992141,329.57134086444006,8144.0,1280,720,,/Users/nicolasgarciacallejas/Documents/GitHub/BENG_Senior-Design/data/videos/raw_videos/41.MG/00000283.jpg,[]
41.MG,1,284,00000284.jpg,endotracheal_tube,endotracheal_tube,0.9969797134399414,mask,421.32794189453125,0.0,709.9010620117188,323.93255615234375,804.0919639089935,156.23383423669037,184866.0,1280,720,,/Users/nicolasgarciacallejas/Documents/GitHub/BENG_Senior-Design/data/videos/raw_videos/41.MG/00000284.jpg,[]
41.MG,1,284,00000284.jpg,esophagus,esophagus,0.9525162577629089,mask,314.8699645996094,304.41729736328125,297.4558410644531,60.594757080078125,431.3577826820719,330.57808645982084,7703.0,1280,720,,/Users/nicolasgarciacallejas/Documents/GitHub/BENG_Senior-Design/data/videos/raw_videos/41.MG/00000284.jpg,[]
41.MG,1,285,00000285.jpg,endotracheal_tube,endotracheal_tube,0.9967622756958008,mask,425.80548095703125,0.0,707.4544067382812,319.0824279785156,807.4858035458018,153.78954805378314,181172.0,1280,720,,/Users/nicolasgarciacallejas/Documents/GitHub/BENG_Senior-Design/data/videos/raw_videos/41.MG/00000285.jpg,[]
41.MG,1,285,00000285.jpg,esophagus,esophagus,0.9403960108757019,mask,295.1617431640625,301.1468200683594,331.03082275390625,72.44424438476562,425.16016697791935,332.2406898824563,9103.0,1280,720,,/Users/nicolasgarciacallejas/Documents/GitHub/BENG_Senior-Design/data/videos/raw_videos/41.MG/00000285.jpg,[]
41.MG,1,286,00000286.jpg,endotracheal_tube,endotracheal_tube,0.995256245136261,mask,417.36663818359375,0.0,709.5374145507812,316.41943359375,803.3752413046632,151.58221096443756,179234.0,1280,720,,/Users/nicolasgarciacallejas/Documents/GitHub/BENG_Senior-Design/data/videos/raw_videos/41.MG/00000286.jpg,[]
41.MG,1,286,00000286.jpg,esophagus,esophagus,0.9323097467422485,mask,298.6163330078125,302.27410888671875,336.11151123046875,69.93511962890625,430.85400385094573,333.03816966813906,8829.0,1280,720,,/Users/nicolasgarciacallejas/Documents/GitHub/BENG_Senior-Design/data/videos/raw_videos/41.MG/00000286.jpg,[]
41.MG,1,287,00000287.jpg,endotracheal_tube,endotracheal_tube,0.9955216646194458,mask,420.9941101074219,0.0,711.5451965332031,314.3200988769531,805.9418646670882,152.3344419098383,177104.0,1280,720,,/Users/nicolasgarciacallejas/Documents/GitHub/BENG_Senior-Design/data/videos/raw_videos/41.MG/00000287.jpg,[]
41.MG,1,287,00000287.jpg,esophagus,esophagus,0.9221636056900024,mask,301.4289245605469,302.8468017578125,329.5415954589844,69.3853759765625,425.8612068965517,333.3445812807882,8120.0,1280,720,,/Users/nicolasgarciacallejas/Documents/GitHub/BENG_Senior-Design/data/videos/raw_videos/41.MG/00000287.jpg,[]
41.MG,1,288,00000288.jpg,endotracheal_tube,endotracheal_tube,0.9953551292419434,mask,454.51763916015625,0.0,660.6458129882812,314.9227294921875,804.2349940029717,152.32407225076528,167583.0,1280,720,,/Users/nicolasgarciacallejas/Documents/GitHub/BENG_Senior-Design/data/videos/raw_videos/41.MG/00000288.jpg,[]
41.MG,1,288,00000288.jpg,esophagus,esophagus,0.9356621503829956,mask,313.18609619140625,308.01123046875,300.26177978515625,59.89404296875,418.60504085306746,334.3471818307714,7221.0,1280,720,,/Users/nicolasgarciacallejas/Documents/GitHub/BENG_Senior-Design/data/videos/raw_videos/41.MG/00000288.jpg,[]
41.MG,1,289,00000289.jpg,endotracheal_tube,endotracheal_tube,0.9940624833106995,mask,441.93963623046875,0.0,684.5994262695312,310.1300048828125,806.6743564910339,149.2155777594639,166237.0,1280,720,,/Users/nicolasgarciacallejas/Documents/GitHub/BENG_Senior-Design/data/videos/raw_videos/41.MG/00000289.jpg,[]
41.MG,1,289,00000289.jpg,esophagus,esophagus,0.9399144649505615,mask,321.0162353515625,308.44561767578125,298.58062744140625,58.8619384765625,429.05793025871765,335.0846456692913,7112.0,1280,720,,/Users/nicolasgarciacallejas/Documents/GitHub/BENG_Senior-Design/data/videos/raw_videos/41.MG/00000289.jpg,[]
41.MG,1,290,00000290.jpg,endotracheal_tube,endotracheal_tube,0.9950507283210754,mask,415.41229248046875,0.0,719.6835327148438,300.3148193359375,804.8850689104014,145.2585964594831,165795.0,1280,720,,/Users/nicolasgarciacallejas/Documents/GitHub/BENG_Senior-Design/data/videos/raw_videos/41.MG/00000290.jpg,[]
41.MG,1,290,00000290.jpg,esophagus,esophagus,0.9453414082527161,mask,321.4532775878906,307.1585693359375,298.9232482910156,60.3009033203125,433.3329358770535,334.43282988871226,7548.0,1280,720,,/Users/nicolasgarciacallejas/Documents/GitHub/BENG_Senior-Design/data/videos/raw_videos/41.MG/00000290.jpg,[]
41.MG,1,291,00000291.jpg,endotracheal_tube,endotracheal_tube,0.9948268532752991,mask,411.4684753417969,0.0,725.7958068847656,298.27447509765625,804.547600619195,142.64805395842546,162792.0,1280,720,,/Users/nicolasgarciacallejas/Documents/GitHub/BENG_Senior-Design/data/videos/raw_videos/41.MG/00000291.jpg,[]
41.MG,1,291,00000291.jpg,esophagus,esophagus,0.9505583643913269,mask,323.52703857421875,305.34661865234375,302.78558349609375,63.7164306640625,438.92140921409214,334.8279132791328,8118.0,1280,720,,/Users/nicolasgarciacallejas/Documents/GitHub/BENG_Senior-Design/data/videos/raw_videos/41.MG/00000291.jpg,[]
41.MG,1,292,00000292.jpg,endotracheal_tube,endotracheal_tube,0.9930496215820312,mask,419.82452392578125,0.0,713.7564086914062,290.57366943359375,805.8550026339797,138.36350203651594,155658.0,1280,720,,/Users/nicolasgarciacallejas/Documents/GitHub/BENG_Senior-Design/data/videos/raw_videos/41.MG/00000292.jpg,[]
41.MG,1,292,00000292.jpg,esophagus,esophagus,0.9486325979232788,mask,306.5628356933594,305.70526123046875,346.0090637207031,69.34799194335938,444.5652126618079,336.8771891656695,9193.0,1280,720,,/Users/nicolasgarciacallejas/Documents/GitHub/BENG_Senior-Design/data/videos/raw_videos/41.MG/00000292.jpg,[]
41.MG,1,293,00000293.jpg,endotracheal_tube,endotracheal_tube,0.9926030039787292,mask,437.63006591796875,0.0,694.5966186523438,277.895263671875,806.508244569435,131.44478782509563,145611.0,1280,720,,/Users/nicolasgarciacallejas/Documents/GitHub/BENG_Senior-Design/data/videos/raw_videos/41.MG/00000293.jpg,[]
41.MG,1,293,00000293.jpg,arytenoids,arytenoids,0.9630261659622192,mask,376.554931640625,164.18035888671875,204.00201416015625,116.47076416015625,470.4848708487085,229.78661043753294,9485.0,1280,720,,/Users/nicolasgarciacallejas/Documents/GitHub/BENG_Senior-Design/data/videos/raw_videos/41.MG/00000293.jpg,[]
41.MG,1,294,00000294.jpg,endotracheal_tube,endotracheal_tube,0.993884265422821,mask,454.8958740234375,0.0,661.29931640625,261.83251953125,797.1259089812833,124.69666518062691,136829.0,1280,720,,/Users/nicolasgarciacallejas/Documents/GitHub/BENG_Senior-Design/data/videos/raw_videos/41.MG/00000294.jpg,[]
41.MG,1,294,00000294.jpg,esophagus,esophagus,0.9560406804084778,mask,310.5812683105469,303.5194396972656,340.6553039550781,71.810302734375,448.50688591983555,336.35539568345325,9730.0,1280,720,,/Users/nicolasgarciacallejas/Documents/GitHub/BENG_Senior-Design/data/videos/raw_videos/41.MG/00000294.jpg,[]
41.MG,1,295,00000295.jpg,endotracheal_tube,endotracheal_tube,0.9949471354484558,mask,435.9891357421875,0.0,681.65966796875,255.8130645751953,792.1520796779854,120.95705734043024,135646.0,1280,720,,/Users/nicolasgarciacallejas/Documents/GitHub/BENG_Senior-Design/data/videos/raw_videos/41.MG/00000295.jpg,[]
41.MG,1,295,00000295.jpg,esophagus,esophagus,0.9558379650115967,mask,306.39422607421875,304.3877868652344,349.2740478515625,71.43222045898438,448.53979487179487,337.0664615384615,9750.0,1280,720,,/Users/nicolasgarciacallejas/Documents/GitHub/BENG_Senior-Design/data/videos/raw_videos/41.MG/00000295.jpg,[]
41.MG,1,296,00000296.jpg,endotracheal_tube,endotracheal_tube,0.9932140111923218,mask,449.7299499511719,0.0,666.2803039550781,253.33816528320312,791.3177890955391,118.98072696406105,131946.0,1280,720,,/Users/nicolasgarciacallejas/Documents/GitHub/BENG_Senior-Design/data/videos/raw_videos/41.MG/00000296.jpg,[]
41.MG,1,296,00000296.jpg,esophagus,esophagus,0.9506422877311707,mask,310.4428405761719,303.88037109375,345.9116516113281,70.72674560546875,451.8543813064259,336.7782262347318,9415.0,1280,720,,/Users/nicolasgarciacallejas/Documents/GitHub/BENG_Senior-Design/data/videos/raw_videos/41.MG/00000296.jpg,[]
41.MG,1,297,00000297.jpg,endotracheal_tube,endotracheal_tube,0.9940699338912964,mask,430.36370849609375,0.0,693.1697387695312,253.91970825195312,789.5055768029378,115.93719239970135,131258.0,1280,720,,/Users/nicolasgarciacallejas/Documents/GitHub/BENG_Senior-Design/data/videos/raw_videos/41.MG/00000297.jpg,[]
41.MG,1,297,00000297.jpg,esophagus,esophagus,0.9591171145439148,mask,309.911376953125,304.46728515625,353.72998046875,71.30130004882812,457.35064141722665,337.42710242313177,9822.0,1280,720,,/Users/nicolasgarciacallejas/Documents/GitHub/BENG_Senior-Design/data/videos/raw_videos/41.MG/00000297.jpg,[]
41.MG,1,298,00000298.jpg,endotracheal_tube,endotracheal_tube,0.9934820532798767,mask,441.89691162109375,0.0,708.1945190429688,241.16737365722656,788.2209691353177,113.24511898217231,127330.0,1280,720,,/Users/nicolasgarciacallejas/Documents/GitHub/BENG_Senior-Design/data/videos/raw_videos/41.MG/00000298.jpg,[]
41.MG,1,298,00000298.jpg,esophagus,esophagus,0.9606672525405884,mask,310.76275634765625,302.9601745605469,358.46380615234375,73.47265625,461.9629302736099,337.50377562028046,10197.0,1280,720,,/Users/nicolasgarciacallejas/Documents/GitHub/BENG_Senior-Design/data/videos/raw_videos/41.MG/00000298.jpg,[]
41.MG,1,299,00000299.jpg,endotracheal_tube,endotracheal_tube,0.9934908151626587,mask,432.0447082519531,0.0,705.8619079589844,238.1696319580078,787.2782272835868,109.47247750258819,125570.0,1280,720,,/Users/nicolasgarciacallejas/Documents/GitHub/BENG_Senior-Design/data/videos/raw_videos/41.MG/00000299.jpg,[]
41.MG,1,299,00000299.jpg,esophagus,esophagus,0.9644214510917664,mask,308.67047119140625,302.9009094238281,359.90692138671875,72.68963623046875,460.4203896870695,336.5411336351112,10162.0,1280,720,,/Users/nicolasgarciacallejas/Documents/GitHub/BENG_Senior-Design/data/videos/raw_videos/41.MG/00000299.jpg,[]
41.MG,1,300,00000300.jpg,endotracheal_tube,endotracheal_tube,0.9930549263954163,mask,425.43560791015625,0.0,727.0111694335938,227.3328857421875,783.4583754578451,106.60432238924706,120674.0,1280,720,,/Users/nicolasgarciacallejas/Documents/GitHub/BENG_Senior-Design/data/videos/raw_videos/41.MG/00000300.jpg,[]
41.MG,1,300,00000300.jpg,esophagus,esophagus,0.9638311266899109,mask,314.2747497558594,301.9883728027344,356.2812805175781,73.81643676757812,465.8993462795616,336.8072486060373,10402.0,1280,720,,/Users/nicolasgarciacallejas/Documents/GitHub/BENG_Senior-Design/data/videos/raw_videos/41.MG/00000300.jpg,[]
41.MG,1,301,00000301.jpg,endotracheal_tube,endotracheal_tube,0.9948238134384155,mask,437.39874267578125,0.0,725.5963745117188,217.87599182128906,783.0957222212609,102.00452523924066,115574.0,1280,720,,/Users/nicolasgarciacallejas/Documents/GitHub/BENG_Senior-Design/data/videos/raw_videos/41.MG/00000301.jpg,[]
41.MG,1,301,00000301.jpg,esophagus,esophagus,0.9614737033843994,mask,309.62322998046875,301.376708984375,355.02154541015625,73.97332763671875,461.63260912115874,334.7607163828538,10218.0,1280,720,,/Users/nicolasgarciacallejas/Documents/GitHub/BENG_Senior-Design/data/videos/raw_videos/41.MG/00000301.jpg,[]
41.MG,1,302,00000302.jpg,endotracheal_tube,endotracheal_tube,0.9929289221763611,mask,436.8763427734375,0.0,703.1339111328125,206.5142059326172,776.2544495472067,94.89206735646175,108438.0,1280,720,,/Users/nicolasgarciacallejas/Documents/GitHub/BENG_Senior-Design/data/videos/raw_videos/41.MG/00000302.jpg,[]
41.MG,1,302,00000302.jpg,esophagus,esophagus,0.9604454040527344,mask,315.7369689941406,296.5247802734375,355.8502502441406,77.841552734375,473.1211778029445,332.70755292272844,11479.0,1280,720,,/Users/nicolasgarciacallejas/Documents/GitHub/BENG_Senior-Design/data/videos/raw_videos/41.MG/00000302.jpg,[]
41.MG,1,303,00000303.jpg,endotracheal_tube,endotracheal_tube,0.9944009184837341,mask,441.6634521484375,0.0,715.0068359375,200.35995483398438,768.4923730012736,90.69004292250365,106005.0,1280,720,,/Users/nicolasgarciacallejas/Documents/GitHub/BENG_Senior-Design/data/videos/raw_videos/41.MG/00000303.jpg,[]
41.MG,1,303,00000303.jpg,esophagus,esophagus,0.9681701064109802,mask,330.74871826171875,297.5629577636719,313.92108154296875,70.02255249023438,464.92714212416627,329.87562852745,9745.0,1280,720,,/Users/nicolasgarciacallejas/Documents/GitHub/BENG_Senior-Design/data/videos/raw_videos/41.MG/00000303.jpg,[]
41.MG,1,304,00000304.jpg,endotracheal_tube,endotracheal_tube,0.9939316511154175,mask,441.3917236328125,0.0,717.6126708984375,196.4496612548828,769.71950602191,90.29341649076895,104701.0,1280,720,,/Users/nicolasgarciacallejas/Documents/GitHub/BENG_Senior-Design/data/videos/raw_videos/41.MG/00000304.jpg,[]
41.MG,1,304,00000304.jpg,esophagus,esophagus,0.9678340554237366,mask,327.95703125,298.7787780761719,318.648193359375,67.7586669921875,462.3527962288408,329.5917077351618,9334.0,1280,720,,/Users/nicolasgarciacallejas/Documents/GitHub/BENG_Senior-Design/data/videos/raw_videos/41.MG/00000304.jpg,[]
41.MG,1,305,00000305.jpg,endotracheal_tube,endotracheal_tube,0.995083212852478,mask,443.6667175292969,0.0,711.9252014160156,198.7771453857422,770.4337997235739,91.30438116515516,105634.0,1280,720,,/Users/nicolasgarciacallejas/Documents/GitHub/BENG_Senior-Design/data/videos/raw_videos/41.MG/00000305.jpg,[]
41.MG,1,305,00000305.jpg,esophagus,esophagus,0.9637913703918457,mask,307.87408447265625,297.8025207519531,361.4698486328125,75.32247924804688,463.1122586872587,331.9773166023166,10360.0,1280,720,,/Users/nicolasgarciacallejas/Documents/GitHub/BENG_Senior-Design/data/videos/raw_videos/41.MG/00000305.jpg,[]
41.MG,1,306,00000306.jpg,endotracheal_tube,endotracheal_tube,0.9948019981384277,mask,438.98211669921875,0.0,697.1019897460938,209.44485473632812,768.8205435172991,93.59980292663161,108589.0,1280,720,,/Users/nicolasgarciacallejas/Documents/GitHub/BENG_Senior-Design/data/videos/raw_videos/41.MG/00000306.jpg,[]
41.MG,1,306,00000306.jpg,esophagus,esophagus,0.9621855616569519,mask,324.93218994140625,299.59442138671875,311.25653076171875,66.5665283203125,451.15205339970584,329.0030546441905,8839.0,1280,720,,/Users/nicolasgarciacallejas/Documents/GitHub/BENG_Senior-Design/data/videos/raw_videos/41.MG/00000306.jpg,[]
41.MG,1,307,00000307.jpg,endotracheal_tube,endotracheal_tube,0.994243323802948,mask,440.2943420410156,0.0,718.6630554199219,198.51498413085938,769.4393705474229,91.49104369338367,107522.0,1280,720,,/Users/nicolasgarciacallejas/Documents/GitHub/BENG_Senior-Design/data/videos/raw_videos/41.MG/00000307.jpg,[]
41.MG,1,307,00000307.jpg,esophagus,esophagus,0.96944260597229,mask,323.85076904296875,299.0840759277344,314.26263427734375,65.98684692382812,450.96314468279326,328.2666590597901,8764.0,1280,720,,/Users/nicolasgarciacallejas/Documents/GitHub/BENG_Senior-Design/data/videos/raw_videos/41.MG/00000307.jpg,[]
41.MG,1,308,00000308.jpg,endotracheal_tube,endotracheal_tube,0.9958906173706055,mask,442.32073974609375,0.0,712.1170043945312,202.0941162109375,771.262275008056,93.63791373198913,108615.0,1280,720,,/Users/nicolasgarciacallejas/Documents/GitHub/BENG_Senior-Design/data/videos/raw_videos/41.MG/00000308.jpg,[]
41.MG,1,308,00000308.jpg,esophagus,esophagus,0.9601721167564392,mask,309.995849609375,299.42767333984375,360.2685546875,72.15774536132812,459.40121611872615,331.8172730083479,9703.0,1280,720,,/Users/nicolasgarciacallejas/Documents/GitHub/BENG_Senior-Design/data/videos/raw_videos/41.MG/00000308.jpg,[]
41.MG,1,309,00000309.jpg,endotracheal_tube,endotracheal_tube,0.995927631855011,mask,446.1739807128906,0.0,706.8536071777344,203.08956909179688,775.4170245670259,94.89724144998556,107339.0,1280,720,,/Users/nicolasgarciacallejas/Documents/GitHub/BENG_Senior-Design/data/videos/raw_videos/41.MG/00000309.jpg,[]
41.MG,1,309,00000309.jpg,esophagus,esophagus,0.9561913013458252,mask,310.1354675292969,299.5504150390625,360.3491516113281,72.57009887695312,456.21753880949933,331.602755217436,9727.0,1280,720,,/Users/nicolasgarciacallejas/Documents/GitHub/BENG_Senior-Design/data/videos/raw_videos/41.MG/00000309.jpg,[]
41.MG,1,310,00000310.jpg,endotracheal_tube,endotracheal_tube,0.9963550567626953,mask,438.85516357421875,0.0,713.7637329101562,201.71737670898438,771.5841513755114,93.74497400426644,108287.0,1280,720,,/Users/nicolasgarciacallejas/Documents/GitHub/BENG_Senior-Design/data/videos/raw_videos/41.MG/00000310.jpg,[]
41.MG,1,310,00000310.jpg,esophagus,esophagus,0.9571243524551392,mask,308.55023193359375,298.26226806640625,355.262939453125,72.13046264648438,453.83778278117296,329.707408598692,9327.0,1280,720,,/Users/nicolasgarciacallejas/Documents/GitHub/BENG_Senior-Design/data/videos/raw_videos/41.MG/00000310.jpg,[]
41.MG,1,311,00000311.jpg,endotracheal_tube,endotracheal_tube,0.9959754347801208,mask,440.801513671875,0.0,711.3223876953125,199.32415771484375,769.9708682848889,92.22533418796273,107649.0,1280,720,,/Users/nicolasgarciacallejas/Documents/GitHub/BENG_Senior-Design/data/videos/raw_videos/41.MG/00000311.jpg,[]
41.MG,1,311,00000311.jpg,esophagus,esophagus,0.9522008895874023,mask,320.6999206542969,300.2321472167969,315.4097595214844,62.108489990234375,444.1405084102694,327.12862020994055,7907.0,1280,720,,/Users/nicolasgarciacallejas/Documents/GitHub/BENG_Senior-Design/data/videos/raw_videos/41.MG/00000311.jpg,[]
41.MG,1,312,00000312.jpg,endotracheal_tube,endotracheal_tube,0.9954663515090942,mask,443.9974670410156,0.0,706.4772644042969,200.79986572265625,769.4593935201631,91.4230028604012,106978.0,1280,720,,/Users/nicolasgarciacallejas/Documents/GitHub/BENG_Senior-Design/data/videos/raw_videos/41.MG/00000312.jpg,[]
41.MG,1,312,00000312.jpg,esophagus,esophagus,0.9472508430480957,mask,306.1062927246094,295.2764892578125,355.7275085449219,71.05322265625,449.9729518274282,325.20878506762045,8947.0,1280,720,,/Users/nicolasgarciacallejas/Documents/GitHub/BENG_Senior-Design/data/videos/raw_videos/41.MG/00000312.jpg,[]
41.MG,1,313,00000313.jpg,endotracheal_tube,endotracheal_tube,0.9952928423881531,mask,445.4078369140625,0.0,703.4205322265625,198.77662658691406,770.2432882904092,90.74976222986017,106195.0,1280,720,,/Users/nicolasgarciacallejas/Documents/GitHub/BENG_Senior-Design/data/videos/raw_videos/41.MG/00000313.jpg,[]
41.MG,1,313,00000313.jpg,arytenoids,arytenoids,0.9383708238601685,mask,373.883056640625,176.27328491210938,216.009521484375,102.78228759765625,481.3020823861053,230.74365736109849,10997.0,1280,720,,/Users/nicolasgarciacallejas/Documents/GitHub/BENG_Senior-Design/data/videos/raw_videos/41.MG/00000313.jpg,[]
41.MG,1,314,00000314.jpg,endotracheal_tube,endotracheal_tube,0.9961367249488831,mask,446.063232421875,0.0,705.6317138671875,200.53451538085938,769.9326522607997,91.59827615187793,107086.0,1280,720,,/Users/nicolasgarciacallejas/Documents/GitHub/BENG_Senior-Design/data/videos/raw_videos/41.MG/00000314.jpg,[]
41.MG,1,314,00000314.jpg,esophagus,esophagus,0.949041485786438,mask,313.38665771484375,297.9256591796875,315.91302490234375,63.703521728515625,439.88677821109576,324.72273241917225,7949.0,1280,720,,/Users/nicolasgarciacallejas/Documents/GitHub/BENG_Senior-Design/data/videos/raw_videos/41.MG/00000314.jpg,[]
41.MG,1,315,00000315.jpg,endotracheal_tube,endotracheal_tube,0.9957161545753479,mask,444.60400390625,0.0,707.8978271484375,198.72561645507812,769.8461560039647,90.45492117517252,106946.0,1280,720,,/Users/nicolasgarciacallejas/Documents/GitHub/BENG_Senior-Design/data/videos/raw_videos/41.MG/00000315.jpg,[]
41.MG,1,315,00000315.jpg,arytenoids,arytenoids,0.9311063289642334,mask,375.6435546875,174.97634887695312,221.13934326171875,106.13143920898438,485.06002400960386,231.2889727319499,11662.0,1280,720,,/Users/nicolasgarciacallejas/Documents/GitHub/BENG_Senior-Design/data/videos/raw_videos/41.MG/00000315.jpg,[]
41.MG,1,316,00000316.jpg,endotracheal_tube,endotracheal_tube,0.9964483976364136,mask,445.523193359375,0.0,704.388671875,199.6566619873047,771.2859758432896,91.04170909192814,107051.0,1280,720,,/Users/nicolasgarciacallejas/Documents/GitHub/BENG_Senior-Design/data/videos/raw_videos/41.MG/00000316.jpg,[]
41.MG,1,316,00000316.jpg,esophagus,esophagus,0.9252992868423462,mask,299.6103515625,296.1141052246094,347.7838134765625,68.58200073242188,438.4726125267921,324.7541081209812,8398.0,1280,720,,/Users/nicolasgarciacallejas/Documents/GitHub/BENG_Senior-Design/data/videos/raw_videos/41.MG/00000316.jpg,[]
41.MG,1,317,00000317.jpg,endotracheal_tube,endotracheal_tube,0.995629072189331,mask,443.516845703125,0.0,707.969970703125,202.49786376953125,769.1946801490748,92.42549513462271,107597.0,1280,720,,/Users/nicolasgarciacallejas/Documents/GitHub/BENG_Senior-Design/data/videos/raw_videos/41.MG/00000317.jpg,[]
41.MG,1,317,00000317.jpg,esophagus,esophagus,0.9397056698799133,mask,305.7496643066406,297.5164794921875,359.5796813964844,70.43585205078125,448.78099931239973,327.86545954618384,8726.0,1280,720,,/Users/nicolasgarciacallejas/Documents/GitHub/BENG_Senior-Design/data/videos/raw_videos/41.MG/00000317.jpg,[]
41.MG,1,318,00000318.jpg,endotracheal_tube,endotracheal_tube,0.9953458905220032,mask,443.2486572265625,0.0,707.24951171875,202.655029296875,769.7778254102867,92.66053139241214,107303.0,1280,720,,/Users/nicolasgarciacallejas/Documents/GitHub/BENG_Senior-Design/data/videos/raw_videos/41.MG/00000318.jpg,[]
41.MG,1,318,00000318.jpg,arytenoids,arytenoids,0.947016716003418,mask,387.3959655761719,176.15240478515625,209.64163208007812,104.33380126953125,490.14567764553925,235.20592305563244,10839.0,1280,720,,/Users/nicolasgarciacallejas/Documents/GitHub/BENG_Senior-Design/data/videos/raw_videos/41.MG/00000318.jpg,[]
41.MG,1,319,00000319.jpg,endotracheal_tube,endotracheal_tube,0.995223343372345,mask,442.17266845703125,0.0,708.1641235351562,196.1280517578125,768.6300015013887,90.11002364687336,106568.0,1280,720,,/Users/nicolasgarciacallejas/Documents/GitHub/BENG_Senior-Design/data/videos/raw_videos/41.MG/00000319.jpg,[]
41.MG,1,319,00000319.jpg,arytenoids,arytenoids,0.9501971006393433,mask,383.44287109375,180.18423461914062,218.3203125,98.96517944335938,489.64563192125155,233.37959219546494,11378.0,1280,720,,/Users/nicolasgarciacallejas/Documents/GitHub/BENG_Senior-Design/data/videos/raw_videos/41.MG/00000319.jpg,[]
41.MG,1,320,00000320.jpg,endotracheal_tube,endotracheal_tube,0.9957283139228821,mask,444.4345703125,0.0,705.1282958984375,192.8172607421875,770.6561974200786,88.91798982729611,103414.0,1280,720,,/Users/nicolasgarciacallejas/Documents/GitHub/BENG_Senior-Design/data/videos/raw_videos/41.MG/00000320.jpg,[]
41.MG,1,320,00000320.jpg,esophagus,esophagus,0.9426603317260742,mask,296.3181457519531,291.4847412109375,362.6861267089844,73.26852416992188,445.1868904513495,321.8298933998639,8818.0,1280,720,,/Users/nicolasgarciacallejas/Documents/GitHub/BENG_Senior-Design/data/videos/raw_videos/41.MG/00000320.jpg,[]
41.MG,1,321,00000321.jpg,endotracheal_tube,endotracheal_tube,0.995812714099884,mask,447.98095703125,0.0,701.893310546875,196.90469360351562,770.6408138539794,88.90354714949183,103999.0,1280,720,,/Users/nicolasgarciacallejas/Documents/GitHub/BENG_Senior-Design/data/videos/raw_videos/41.MG/00000321.jpg,[]
41.MG,1,321,00000321.jpg,arytenoids,arytenoids,0.9376644492149353,mask,381.3627624511719,175.8632049560547,209.31826782226562,99.51622009277344,485.2823063461361,227.9496177581284,10857.0,1280,720,,/Users/nicolasgarciacallejas/Documents/GitHub/BENG_Senior-Design/data/videos/raw_videos/41.MG/00000321.jpg,[]
41.MG,1,322,00000322.jpg,endotracheal_tube,endotracheal_tube,0.9954434633255005,mask,454.26275634765625,0.0,669.7568969726562,199.94351196289062,769.0908976712726,86.63843849647309,103490.0,1280,720,,/Users/nicolasgarciacallejas/Documents/GitHub/BENG_Senior-Design/data/videos/raw_videos/41.MG/00000322.jpg,[]
41.MG,1,322,00000322.jpg,arytenoids,arytenoids,0.9536348581314087,mask,389.088623046875,179.18270874023438,183.83074951171875,87.984375,482.4088822461834,224.0624532934771,9367.0,1280,720,,/Users/nicolasgarciacallejas/Documents/GitHub/BENG_Senior-Design/data/videos/raw_videos/41.MG/00000322.jpg,[]
41.MG,1,323,00000323.jpg,endotracheal_tube,endotracheal_tube,0.9941841959953308,mask,458.63629150390625,0.0,656.5209350585938,200.59292602539062,768.0442295449723,82.76320974929517,98961.0,1280,720,,/Users/nicolasgarciacallejas/Documents/GitHub/BENG_Senior-Design/data/videos/raw_videos/41.MG/00000323.jpg,[]
41.MG,1,323,00000323.jpg,arytenoids,arytenoids,0.9601562023162842,mask,382.637939453125,163.2064666748047,203.74969482421875,99.31953430175781,488.0811417287497,213.6917691410107,11141.0,1280,720,,/Users/nicolasgarciacallejas/Documents/GitHub/BENG_Senior-Design/data/videos/raw_videos/41.MG/00000323.jpg,[]
41.MG,1,324,00000324.jpg,endotracheal_tube,endotracheal_tube,0.9943609833717346,mask,456.72943115234375,0.0,682.1720581054688,195.8748016357422,771.6202284153684,79.36214387685432,96666.0,1280,720,,/Users/nicolasgarciacallejas/Documents/GitHub/BENG_Senior-Design/data/videos/raw_videos/41.MG/00000324.jpg,[]
41.MG,1,324,00000324.jpg,arytenoids,arytenoids,0.9560638070106506,mask,389.10186767578125,150.808837890625,188.5574951171875,99.21112060546875,480.9794650906541,202.76790543924673,9983.0,1280,720,,/Users/nicolasgarciacallejas/Documents/GitHub/BENG_Senior-Design/data/videos/raw_videos/41.MG/00000324.jpg,[]
41.MG,1,325,00000325.jpg,endotracheal_tube,endotracheal_tube,0.9938279986381531,mask,463.8009338378906,0.0,655.8575134277344,178.7151336669922,775.7527045724433,73.80025929032891,91789.0,1280,720,,/Users/nicolasgarciacallejas/Documents/GitHub/BENG_Senior-Design/data/videos/raw_videos/41.MG/00000325.jpg,[]
41.MG,1,325,00000325.jpg,esophagus,esophagus,0.9127374887466431,mask,330.3841857910156,234.74974060058594,267.0488586425781,65.09028625488281,436.0397549159305,264.82060416072954,7018.0,1280,720,,/Users/nicolasgarciacallejas/Documents/GitHub/BENG_Senior-Design/data/videos/raw_videos/41.MG/00000325.jpg,[]
41.MG,1,326,00000326.jpg,endotracheal_tube,endotracheal_tube,0.9940524697303772,mask,450.76129150390625,0.0,684.8197631835938,159.67530822753906,788.8207070121315,68.8860499640463,86222.0,1280,720,,/Users/nicolasgarciacallejas/Documents/GitHub/BENG_Senior-Design/data/videos/raw_videos/41.MG/00000326.jpg,[]
41.MG,1,326,00000326.jpg,esophagus,esophagus,0.930215060710907,mask,307.788330078125,216.1969757080078,309.2235107421875,72.28871154785156,436.33458505444986,248.7376392539742,7989.0,1280,720,,/Users/nicolasgarciacallejas/Documents/GitHub/BENG_Senior-Design/data/videos/raw_videos/41.MG/00000326.jpg,[]
41.MG,1,327,00000327.jpg,endotracheal_tube,endotracheal_tube,0.9889463782310486,mask,460.4584045410156,0.0,659.4248962402344,140.49505615234375,799.5022471322934,60.927386271589455,76542.0,1280,720,,/Users/nicolasgarciacallejas/Documents/GitHub/BENG_Senior-Design/data/videos/raw_videos/41.MG/00000327.jpg,[]
41.MG,1,327,00000327.jpg,arytenoids,arytenoids,0.9346703290939331,mask,346.87921142578125,80.4653549194336,258.36370849609375,102.59827423095703,479.14392703544416,133.58601512679817,13486.0,1280,720,,/Users/nicolasgarciacallejas/Documents/GitHub/BENG_Senior-Design/data/videos/raw_videos/41.MG/00000327.jpg,[]
41.MG,1,328,00000328.jpg,endotracheal_tube,endotracheal_tube,0.964835524559021,mask,516.808837890625,0.0,591.8109130859375,153.91427612304688,853.8336147947177,66.07593920434097,72242.0,1280,720,,/Users/nicolasgarciacallejas/Documents/GitHub/BENG_Senior-Design/data/videos/raw_videos/41.MG/00000328.jpg,[]
41.MG,1,328,00000328.jpg,arytenoids,arytenoids,0.7136033177375793,mask,393.8958740234375,33.66740417480469,207.3289794921875,102.24478149414062,489.19730611385876,83.24276544249184,9503.0,1280,720,,/Users/nicolasgarciacallejas/Documents/GitHub/BENG_Senior-Design/data/videos/raw_videos/41.MG/00000328.jpg,[]
41.MG,1,331,00000331.jpg,endotracheal_tube,endotracheal_tube,0.9819598197937012,mask,591.4052124023438,3.4717941284179688,540.1388549804688,403.69446563720703,916.362990094209,141.001368107509,115488.0,1280,720,,/Users/nicolasgarciacallejas/Documents/GitHub/BENG_Senior-Design/data/videos/raw_videos/41.MG/00000331.jpg,[]
41.MG,1,331,00000331.jpg,endotracheal_tube,endotracheal_tube,0.6082307696342468,mask,400.39300537109375,8.612937927246094,705.7409057617188,675.7765884399414,874.1183105332742,373.89802547695734,254897.0,1280,720,,/Users/nicolasgarciacallejas/Documents/GitHub/BENG_Senior-Design/data/videos/raw_videos/41.MG/00000331.jpg,[]
41.MG,1,335,00000335.jpg,endotracheal_tube,endotracheal_tube,0.8942460417747498,mask,146.04473876953125,12.698249816894531,980.7338256835938,707.3017501831055,612.1374184157742,429.7950016823406,537941.0,1280,720,,/Users/nicolasgarciacallejas/Documents/GitHub/BENG_Senior-Design/data/videos/raw_videos/41.MG/00000335.jpg,[]
